block,day,phase,LIGHTS,LIGHTS_raw,LIGHTS_offgrid,LIGHTS_spread,LIGHTS_wash,FOG,FOG_raw,FOG_offgrid,FOG_spread,FOG_wash,VENT_ROOF,VENT_ROOF_raw,VENT_ROOF_offgrid,VENT_ROOF_spread,VENT_ROOF_wash,VENT_SIDE,VENT_SIDE_raw,VENT_SIDE_offgrid,VENT_SIDE_spread,VENT_SIDE_wash,SHADE,SHADE_raw,SHADE_offgrid,SHADE_spread,SHADE_wash,RECIRC,RECIRC_raw,RECIRC_offgrid,RECIRC_spread,RECIRC_wash,RECIRC2,RECIRC2_raw,RECIRC2_offgrid,RECIRC2_spread,RECIRC2_wash,n_active,washout_clean
2026-08-03 00:00:00,1,A,,,False,,,,,False,0.0,,,,False,,,,,False,,,,,False,,,,,False,,,,,False,,,0,True
2026-08-03 03:00:00,1,A,,,False,,,,,False,0.0,,,,False,,,,,False,,,,,False,,,,,False,,,,,False,,,0,True
2026-08-03 06:00:00,1,A,,,False,,,,,False,0.0,,,,False,,,,,False,,,,,False,,,,,False,,,,,False,,,0,True
2026-08-03 09:00:00,1,A,,,False,,,,,False,0.0,,,,False,,0.0,,,False,,0.0,,,False,,,,,False,,,,,False,,,0,True
2026-08-03 12:00:00,1,A,,,False,,,,,False,0.0,,0.0,0.0,False,0.0,0.0,0.0,0.0,False,0.0,0.0,,,False,,,,,False,,,,,False,,,0,True
2026-08-03 15:00:00,1,A,,,False,,,,,False,0.0,,0.0,0.0,False,0.0,0.0,0.0,0.0,False,0.0,0.0,,,False,,,,,False,,,,,False,,,0,True
2026-08-03 18:00:00,1,A,,,False,,,,,False,0.0,,0.0,0.0,False,0.0,0.0,0.0,0.0,False,0.0,0.0,,,False,,,,,False,,,,,False,,,0,True
2026-08-03 21:00:00,1,A,,,False,,,,,False,0.0,,0.0,0.0,False,0.0,0.0,0.0,0.0,False,0.0,0.0,,,False,,,,,False,,,,,False,,,0,True
2026-08-04 00:00:00,2,A,,,False,,,,,False,0.0,,0.0,0.0,False,0.0,0.0,0.0,0.0,False,0.0,0.0,,,False,,,,,False,,,,,False,,,0,True
2026-08-04 03:00:00,2,A,,,False,,,,,False,0.0,,0.0,0.0,False,0.0,0.0,0.0,0.0,False,0.0,0.0,,,False,,,,,False,,,,,False,,,0,True
2026-08-04 06:00:00,2,A,,,False,,,,,False,0.0,,0.0,0.0,False,0.0,0.0,0.0,0.0,False,0.0,0.0,,,False,,,,,False,,,,,False,,,0,True
2026-08-04 09:00:00,2,A,,,False,,,,,False,0.0,,0.0,0.0,False,0.0,100.0,0.0,0.0,False,0.0,0.0,,,False,,,,,False,,,,,False,,,0,False
2026-08-04 12:00:00,2,A,,,False,,,,,False,0.0,,100.0,100.0,False,0.0,0.0,0.0,0.0,False,0.0,0.0,,,False,,,,,False,,,,,False,,,1,True
2026-08-04 15:00:00,2,A,,,False,,,,,False,0.0,,0.0,0.0,False,0.0,0.0,0.0,0.0,False,0.0,0.0,,,False,,,,,False,,,,,False,,,0,True
2026-08-04 18:00:00,2,A,,,False,,,,,False,0.0,,100.0,100.0,False,0.0,100.0,0.0,0.0,False,0.0,0.0,,,False,,,,,False,,,,,False,,,1,False
2026-08-04 21:00:00,2,A,,,False,,,,,False,0.0,,100.0,100.0,False,0.0,0.0,0.0,0.0,False,0.0,0.0,,,False,,,,,False,,,,,False,,,1,True
2026-08-05 00:00:00,3,A,,,False,,,,,False,0.0,,0.0,0.0,False,0.0,0.0,0.0,0.0,False,0.0,0.0,,,False,,,,,False,,,,,False,,,0,True
2026-08-05 03:00:00,3,A,,,False,,,,,False,0.0,,0.0,0.0,False,0.0,0.0,0.0,0.0,False,0.0,0.0,,,False,,,,,False,,,,,False,,,0,True
2026-08-05 06:00:00,3,A,,,False,,,,,False,0.0,,0.0,0.0,False,0.0,0.0,100.0,100.0,False,0.0,100.0,,,False,,,,,False,,,,,False,,,1,False
2026-08-05 09:00:00,3,A,,,False,,,,,False,0.0,,0.0,0.0,False,0.0,0.0,100.0,100.0,False,0.0,0.0,,,False,,,,,False,,,,,False,,,1,True
2026-08-05 12:00:00,3,A,,,False,,,,,False,0.0,,0.0,0.0,False,0.0,0.0,0.0,0.0,False,0.0,0.0,,,False,,100.0,,,False,,,,,False,,,0,False
2026-08-05 15:00:00,3,A,,,False,,,,,False,0.0,,0.0,0.0,False,0.0,0.0,0.0,0.0,False,0.0,0.0,100.0,100.0,False,0.0,100.0,,,False,,,,,False,,,1,False
2026-08-05 18:00:00,3,A,,,False,,,,,False,0.0,,0.0,0.0,False,0.0,0.0,100.0,100.0,False,0.0,100.0,0.0,0.0,False,0.0,0.0,,,False,,,,,False,,,1,False
2026-08-05 21:00:00,3,A,,,False,,,,,False,0.0,,0.0,0.0,False,0.0,0.0,100.0,100.0,False,0.0,0.0,0.0,0.0,False,0.0,0.0,,,False,,,,,False,,,1,True
2026-08-06 00:00:00,4,A,,,False,,,,,False,0.0,,0.0,0.0,False,0.0,0.0,0.0,0.0,False,0.0,0.0,0.0,0.0,False,0.0,0.0,,,False,,,,,False,,,0,True
2026-08-06 03:00:00,4,A,,,False,,,,,False,0.0,,0.0,0.0,False,0.0,0.0,0.0,0.0,False,0.0,0.0,0.0,0.0,False,0.0,0.0,,,False,,,,,False,,,0,True
2026-08-06 06:00:00,4,A,,,False,,,20.0,19.017391304347825,False,0.0,20.0,0.0,0.0,False,0.0,0.0,0.0,0.0,False,0.0,0.0,0.0,0.0,False,0.0,0.0,,,False,,1.0,,,False,,,1,False
2026-08-06 09:00:00,4,A,,,False,,,5.0,6.260869565217392,False,0.0,0.0,0.0,0.0,False,0.0,0.0,0.0,0.0,False,0.0,0.0,0.0,0.0,False,0.0,0.0,1.0,1.0,False,0.0,1.0,,,False,,,2,False
2026-08-06 12:00:00,4,A,,,False,,,0.0,0.0,False,0.0,0.0,0.0,0.0,False,0.0,0.0,0.0,0.0,False,0.0,0.0,0.0,0.0,False,0.0,0.0,0.0,0.0,False,0.0,0.0,,,False,,,0,True
2026-08-06 15:00:00,4,A,,,False,,,0.0,0.0,False,0.0,0.0,0.0,0.0,False,0.0,0.0,0.0,0.0,False,0.0,0.0,0.0,0.0,False,0.0,0.0,0.0,0.0,False,0.0,0.0,,,False,,,0,True
2026-08-06 18:00:00,4,A,,,False,,,0.0,0.0,False,0.0,0.0,0.0,0.0,False,0.0,0.0,0.0,0.0,False,0.0,0.0,0.0,0.0,False,0.0,0.0,0.0,0.0,False,0.0,0.0,,,False,,,0,True
2026-08-06 21:00:00,4,A,,,False,,,0.0,0.0,False,0.0,0.0,0.0,0.0,False,0.0,0.0,0.0,0.0,False,0.0,0.0,0.0,0.0,False,0.0,0.0,0.0,0.0,False,0.0,0.0,,,False,,,0,True
2026-08-07 00:00:00,5,A,,,False,,,0.0,0.0,False,0.0,0.0,0.0,0.0,False,0.0,0.0,0.0,0.0,False,0.0,0.0,0.0,0.0,False,0.0,0.0,0.0,0.0,False,0.0,0.0,,,False,,,0,True
2026-08-07 03:00:00,5,A,,,False,,,0.0,0.0,False,0.0,0.0,0.0,0.0,False,0.0,0.0,0.0,0.0,False,0.0,0.0,0.0,0.0,False,0.0,0.0,0.0,0.0,False,0.0,0.0,,,False,,,0,True
2026-08-07 06:00:00,5,A,,,False,,,0.0,0.0,False,0.0,0.0,0.0,0.0,False,0.0,0.0,0.0,0.0,False,0.0,0.0,0.0,0.0,False,0.0,0.0,0.0,0.0,False,0.0,0.0,,,False,,1.0,0,False
2026-08-07 09:00:00,5,A,,,False,,,0.0,0.0,False,0.0,0.0,0.0,0.0,False,0.0,0.0,0.0,0.0,False,0.0,0.0,0.0,0.0,False,0.0,0.0,0.0,0.0,False,0.0,0.0,1.0,1.0,False,0.0,1.0,1,False
2026-08-07 12:00:00,5,A,,,False,,,0.0,0.0,False,0.0,0.0,0.0,0.0,False,0.0,0.0,0.0,0.0,False,0.0,0.0,0.0,0.0,False,0.0,0.0,0.0,0.0,False,0.0,0.0,0.0,0.0,False,0.0,0.0,0,True
2026-08-07 15:00:00,5,A,,,False,,,0.0,0.0,False,0.0,0.0,0.0,0.0,False,0.0,0.0,0.0,0.0,False,0.0,0.0,0.0,0.0,False,0.0,0.0,0.0,0.0,False,0.0,0.0,0.0,0.0,False,0.0,0.0,0,True
2026-08-07 18:00:00,5,A,10.0,10.0,False,0.0,10.0,0.0,0.0,False,0.0,0.0,0.0,0.0,False,0.0,0.0,0.0,0.0,False,0.0,0.0,0.0,0.0,False,0.0,0.0,0.0,0.0,False,0.0,0.0,0.0,0.0,False,0.0,0.0,1,False
2026-08-07 21:00:00,5,A,0.0,0.0,False,0.0,0.0,0.0,0.0,False,0.0,0.0,0.0,0.0,False,0.0,0.0,0.0,0.0,False,0.0,0.0,0.0,0.0,False,0.0,0.0,0.0,0.0,False,0.0,0.0,0.0,0.0,False,0.0,0.0,0,True
2026-08-08 00:00:00,6,B,0.0,0.0,False,0.0,0.0,0.0,0.0,False,0.0,0.0,25.0,25.0,False,0.0,0.0,0.0,0.0,False,0.0,0.0,0.0,0.0,False,0.0,0.0,0.0,0.0,False,0.0,0.0,0.0,0.0,False,0.0,0.0,1,True
2026-08-08 03:00:00,6,B,0.0,0.0,False,0.0,0.0,0.0,0.0,False,0.0,0.0,0.0,0.0,False,0.0,0.0,0.0,0.0,False,0.0,0.0,0.0,0.0,False,0.0,0.0,0.0,0.0,False,0.0,0.0,0.0,0.0,False,0.0,0.0,0,True
2026-08-08 06:00:00,6,B,0.0,0.0,False,0.0,0.0,0.0,0.0,False,0.0,0.0,0.0,0.0,False,0.0,0.0,0.0,0.0,False,0.0,0.0,0.0,0.0,False,0.0,0.0,0.0,0.0,False,0.0,0.0,0.0,0.0,False,0.0,0.0,0,True
2026-08-08 09:00:00,6,B,0.0,0.0,False,0.0,0.0,0.0,0.0,False,0.0,0.0,100.0,100.0,False,0.0,0.0,0.0,0.0,False,0.0,0.0,0.0,0.0,False,0.0,0.0,0.0,0.0,False,0.0,0.0,0.0,0.0,False,0.0,0.0,1,True
2026-08-08 12:00:00,6,B,0.0,0.0,False,0.0,0.0,0.0,0.0,False,0.0,0.0,75.0,75.0,False,0.0,0.0,0.0,0.0,False,0.0,0.0,0.0,0.0,False,0.0,0.0,0.0,0.0,False,0.0,0.0,0.0,0.0,False,0.0,0.0,1,True
2026-08-08 15:00:00,6,B,0.0,0.0,False,0.0,0.0,0.0,0.0,False,0.0,0.0,75.0,75.0,False,0.0,0.0,0.0,0.0,False,0.0,0.0,0.0,0.0,False,0.0,0.0,0.0,0.0,False,0.0,0.0,0.0,0.0,False,0.0,0.0,1,True
2026-08-08 18:00:00,6,B,0.0,0.0,False,0.0,0.0,0.0,0.0,False,0.0,0.0,50.0,50.0,False,0.0,0.0,0.0,0.0,False,0.0,0.0,0.0,0.0,False,0.0,0.0,0.0,0.0,False,0.0,0.0,0.0,0.0,False,0.0,0.0,1,True
2026-08-08 21:00:00,6,B,0.0,0.0,False,0.0,0.0,0.0,0.0,False,0.0,0.0,25.0,25.0,False,0.0,0.0,0.0,0.0,False,0.0,0.0,0.0,0.0,False,0.0,0.0,0.0,0.0,False,0.0,0.0,0.0,0.0,False,0.0,0.0,1,True
2026-08-09 00:00:00,7,B,0.0,0.0,False,0.0,0.0,0.0,0.0,False,0.0,0.0,0.0,0.0,False,0.0,0.0,0.0,0.0,False,0.0,0.0,0.0,0.0,False,0.0,0.0,0.0,0.0,False,0.0,0.0,0.0,0.0,False,0.0,0.0,0,True
2026-08-09 03:00:00,7,B,0.0,0.0,False,0.0,0.0,0.0,0.0,False,0.0,0.0,100.0,100.0,False,0.0,0.0,0.0,0.0,False,0.0,0.0,0.0,0.0,False,0.0,0.0,0.0,0.0,False,0.0,0.0,0.0,0.0,False,0.0,0.0,1,True
2026-08-09 06:00:00,7,B,0.0,0.0,False,0.0,0.0,0.0,0.0,False,0.0,0.0,50.0,50.0,False,0.0,0.0,0.0,0.0,False,0.0,0.0,0.0,0.0,False,0.0,0.0,0.0,0.0,False,0.0,0.0,0.0,0.0,False,0.0,0.0,1,True
2026-08-09 09:00:00,7,B,0.0,0.0,False,0.0,0.0,0.0,0.0,False,0.0,0.0,75.0,75.0,False,0.0,0.0,0.0,0.0,False,0.0,0.0,0.0,0.0,False,0.0,0.0,0.0,0.0,False,0.0,0.0,0.0,0.0,False,0.0,0.0,1,True
2026-08-09 12:00:00,7,B,0.0,0.0,False,0.0,0.0,0.0,0.0,False,0.0,0.0,0.0,0.0,False,0.0,0.0,0.0,0.0,False,0.0,0.0,0.0,0.0,False,0.0,0.0,0.0,0.0,False,0.0,0.0,0.0,0.0,False,0.0,0.0,0,True
2026-08-09 15:00:00,7,B,0.0,0.0,False,0.0,0.0,0.0,0.0,False,0.0,0.0,100.0,100.0,False,0.0,0.0,0.0,0.0,False,0.0,0.0,0.0,0.0,False,0.0,0.0,0.0,0.0,False,0.0,0.0,0.0,0.0,False,0.0,0.0,1,True
2026-08-09 18:00:00,7,B,0.0,0.0,False,0.0,0.0,0.0,0.0,False,0.0,0.0,25.0,25.0,False,0.0,0.0,0.0,0.0,False,0.0,0.0,0.0,0.0,False,0.0,0.0,0.0,0.0,False,0.0,0.0,0.0,0.0,False,0.0,0.0,1,True
2026-08-09 21:00:00,7,B,0.0,0.0,False,0.0,0.0,0.0,0.0,False,0.0,0.0,0.0,0.0,False,0.0,0.0,100.0,100.0,False,0.0,0.0,0.0,0.0,False,0.0,0.0,0.0,0.0,False,0.0,0.0,0.0,0.0,False,0.0,0.0,1,True
2026-08-10 00:00:00,8,B,0.0,0.0,False,0.0,0.0,0.0,0.0,False,0.0,0.0,0.0,0.0,False,0.0,0.0,50.0,50.0,False,0.0,0.0,0.0,0.0,False,0.0,0.0,0.0,0.0,False,0.0,0.0,0.0,0.0,False,0.0,0.0,1,True
2026-08-10 03:00:00,8,B,0.0,0.0,False,0.0,0.0,0.0,0.0,False,0.0,0.0,0.0,0.0,False,0.0,0.0,0.0,0.0,False,0.0,0.0,0.0,0.0,False,0.0,0.0,0.0,0.0,False,0.0,0.0,0.0,0.0,False,0.0,0.0,0,True
2026-08-10 06:00:00,8,B,0.0,0.0,False,0.0,0.0,0.0,0.0,False,0.0,0.0,0.0,0.0,False,0.0,0.0,50.0,50.0,False,0.0,0.0,0.0,0.0,False,0.0,0.0,0.0,0.0,False,0.0,0.0,0.0,0.0,False,0.0,0.0,1,True
2026-08-10 09:00:00,8,B,0.0,0.0,False,0.0,0.0,0.0,0.0,False,0.0,0.0,0.0,0.0,False,0.0,0.0,100.0,100.0,False,0.0,0.0,0.0,0.0,False,0.0,0.0,0.0,0.0,False,0.0,0.0,0.0,0.0,False,0.0,0.0,1,True
2026-08-10 12:00:00,8,B,0.0,0.0,False,0.0,0.0,0.0,0.0,False,0.0,0.0,0.0,0.0,False,0.0,0.0,0.0,0.0,False,0.0,0.0,0.0,0.0,False,0.0,0.0,0.0,0.0,False,0.0,0.0,0.0,0.0,False,0.0,0.0,0,True
2026-08-10 15:00:00,8,B,0.0,0.0,False,0.0,0.0,0.0,0.0,False,0.0,0.0,0.0,0.0,False,0.0,0.0,0.0,0.0,False,0.0,0.0,0.0,0.0,False,0.0,0.0,0.0,0.0,False,0.0,0.0,0.0,0.0,False,0.0,0.0,0,True
2026-08-10 18:00:00,8,B,0.0,0.0,False,0.0,0.0,0.0,0.0,False,0.0,0.0,0.0,0.0,False,0.0,0.0,100.0,100.0,False,0.0,0.0,0.0,0.0,False,0.0,0.0,0.0,0.0,False,0.0,0.0,0.0,0.0,False,0.0,0.0,1,True
2026-08-10 21:00:00,8,B,0.0,0.0,False,0.0,0.0,0.0,0.0,False,0.0,0.0,0.0,0.0,False,0.0,0.0,0.0,0.0,False,0.0,0.0,0.0,0.0,False,0.0,0.0,0.0,0.0,False,0.0,0.0,0.0,0.0,False,0.0,0.0,0,True
2026-08-11 00:00:00,9,B,0.0,0.0,False,0.0,0.0,0.0,0.0,False,0.0,0.0,0.0,0.0,False,0.0,0.0,0.0,0.0,False,0.0,0.0,50.0,50.0,False,0.0,0.0,0.0,0.0,False,0.0,0.0,0.0,0.0,False,0.0,0.0,1,True
2026-08-11 03:00:00,9,B,0.0,0.0,False,0.0,0.0,0.0,0.0,False,0.0,0.0,0.0,0.0,False,0.0,0.0,0.0,0.0,False,0.0,0.0,100.0,100.0,False,0.0,0.0,0.0,0.0,False,0.0,0.0,0.0,0.0,False,0.0,0.0,1,True
2026-08-11 06:00:00,9,B,0.0,0.0,False,0.0,0.0,0.0,0.0,False,0.0,0.0,0.0,0.0,False,0.0,0.0,0.0,0.0,False,0.0,0.0,0.0,0.0,False,0.0,0.0,0.0,0.0,False,0.0,0.0,0.0,0.0,False,0.0,0.0,0,True
2026-08-11 09:00:00,9,B,0.0,0.0,False,0.0,0.0,0.0,0.0,False,0.0,0.0,0.0,0.0,False,0.0,0.0,0.0,0.0,False,0.0,0.0,50.0,50.0,False,0.0,0.0,0.0,0.0,False,0.0,0.0,0.0,0.0,False,0.0,0.0,1,True
2026-08-11 12:00:00,9,B,0.0,0.0,False,0.0,0.0,0.0,0.0,False,0.0,0.0,0.0,0.0,False,0.0,0.0,0.0,0.0,False,0.0,0.0,100.0,100.0,False,0.0,0.0,0.0,0.0,False,0.0,0.0,0.0,0.0,False,0.0,0.0,1,True
2026-08-11 15:00:00,9,B,0.0,0.0,False,0.0,0.0,0.0,0.0,False,0.0,0.0,0.0,0.0,False,0.0,0.0,0.0,0.0,False,0.0,0.0,0.0,0.0,False,0.0,0.0,0.0,0.0,False,0.0,0.0,0.0,0.0,False,0.0,0.0,0,True
2026-08-11 18:00:00,9,B,0.0,0.0,False,0.0,0.0,0.0,0.0,False,0.0,0.0,0.0,0.0,False,0.0,0.0,0.0,0.0,False,0.0,0.0,0.0,0.0,False,0.0,0.0,0.0,0.0,False,0.0,0.0,0.0,0.0,False,0.0,0.0,0,True
2026-08-11 21:00:00,9,B,0.0,0.0,False,0.0,0.0,0.0,0.0,False,0.0,0.0,0.0,0.0,False,0.0,0.0,0.0,0.0,False,0.0,0.0,50.0,50.0,False,0.0,0.0,0.0,0.0,False,0.0,0.0,0.0,0.0,False,0.0,0.0,1,True
2026-08-12 00:00:00,10,B,0.0,0.0,False,0.0,0.0,0.0,0.0,False,0.0,0.0,0.0,0.0,False,0.0,0.0,0.0,0.0,False,0.0,0.0,100.0,100.0,False,0.0,0.0,0.0,0.0,False,0.0,0.0,0.0,0.0,False,0.0,0.0,1,True
2026-08-12 03:00:00,10,B,0.0,0.0,False,0.0,0.0,0.0,0.0,False,0.0,0.0,0.0,0.0,False,0.0,0.0,0.0,0.0,False,0.0,0.0,0.0,0.0,False,0.0,0.0,0.0,0.0,False,0.0,0.0,0.0,0.0,False,0.0,0.0,0,True
2026-08-12 06:00:00,10,B,0.0,0.0,False,0.0,0.0,20.0,19.008695652173913,False,0.0,0.0,0.0,0.0,False,0.0,0.0,0.0,0.0,False,0.0,0.0,0.0,0.0,False,0.0,0.0,0.0,0.0,False,0.0,0.0,0.0,0.0,False,0.0,0.0,1,True
2026-08-12 09:00:00,10,B,0.0,0.0,False,0.0,0.0,5.0,4.695652173913044,False,0.0,0.0,0.0,0.0,False,0.0,0.0,0.0,0.0,False,0.0,0.0,0.0,0.0,False,0.0,0.0,0.0,0.0,False,0.0,0.0,0.0,0.0,False,0.0,0.0,1,True
2026-08-12 12:00:00,10,B,0.0,0.0,False,0.0,0.0,10.0,9.530434782608696,False,0.0,0.0,0.0,0.0,False,0.0,0.0,0.0,0.0,False,0.0,0.0,0.0,0.0,False,0.0,0.0,0.0,0.0,False,0.0,0.0,0.0,0.0,False,0.0,0.0,1,True
2026-08-12 15:00:00,10,B,0.0,0.0,False,0.0,0.0,20.0,17.652173913043477,True,0.0,0.0,0.0,0.0,False,0.0,0.0,0.0,0.0,False,0.0,0.0,0.0,0.0,False,0.0,0.0,0.0,0.0,False,0.0,0.0,0.0,0.0,False,0.0,0.0,1,True
2026-08-12 18:00:00,10,B,0.0,0.0,False,0.0,0.0,10.0,9.191304347826087,False,0.0,0.0,0.0,0.0,False,0.0,0.0,0.0,0.0,False,0.0,0.0,0.0,0.0,False,0.0,0.0,0.0,0.0,False,0.0,0.0,0.0,0.0,False,0.0,0.0,1,True
2026-08-12 21:00:00,10,B,0.0,0.0,False,0.0,0.0,0.0,0.0,False,0.0,0.0,0.0,0.0,False,0.0,0.0,0.0,0.0,False,0.0,0.0,0.0,0.0,False,0.0,0.0,0.0,0.0,False,0.0,0.0,0.0,0.0,False,0.0,0.0,0,True
2026-08-13 00:00:00,11,B,0.0,0.0,False,0.0,0.0,5.0,4.6347826086956525,False,0.0,0.0,0.0,0.0,False,0.0,0.0,0.0,0.0,False,0.0,0.0,0.0,0.0,False,0.0,0.0,0.0,0.0,False,0.0,0.0,0.0,0.0,False,0.0,0.0,1,True
2026-08-13 03:00:00,11,B,0.0,0.0,False,0.0,0.0,20.0,19.191304347826087,False,0.0,0.0,0.0,0.0,False,0.0,0.0,0.0,0.0,False,0.0,0.0,0.0,0.0,False,0.0,0.0,0.0,0.0,False,0.0,0.0,0.0,0.0,False,0.0,0.0,1,True
2026-08-13 06:00:00,11,B,0.0,0.0,False,0.0,0.0,5.0,4.530434782608696,False,0.0,0.0,0.0,0.0,False,0.0,0.0,0.0,0.0,False,0.0,0.0,0.0,0.0,False,0.0,0.0,0.0,0.0,False,0.0,0.0,0.0,0.0,False,0.0,0.0,1,True
2026-08-13 09:00:00,11,B,0.0,0.0,False,0.0,0.0,0.0,0.0,False,0.0,0.0,0.0,0.0,False,0.0,0.0,0.0,0.0,False,0.0,0.0,0.0,0.0,False,0.0,0.0,0.0,0.0,False,0.0,0.0,0.0,0.0,False,0.0,0.0,0,True
2026-08-13 12:00:00,11,B,0.0,0.0,False,0.0,0.0,10.0,9.643478260869566,False,0.0,0.0,0.0,0.0,False,0.0,0.0,0.0,0.0,False,0.0,0.0,0.0,0.0,False,0.0,0.0,0.0,0.0,False,0.0,0.0,0.0,0.0,False,0.0,0.0,1,True
2026-08-13 15:00:00,11,B,0.0,0.0,False,0.0,0.0,0.0,0.0,False,0.0,0.0,0.0,0.0,False,0.0,0.0,0.0,0.0,False,0.0,0.0,0.0,0.0,False,0.0,0.0,0.0,0.0,False,0.0,0.0,0.0,0.0,False,0.0,0.0,0,True
2026-08-13 18:00:00,11,B,5.0,5.0,False,0.0,0.0,0.0,0.0,False,0.0,0.0,0.0,0.0,False,0.0,0.0,0.0,0.0,False,0.0,0.0,0.0,0.0,False,0.0,0.0,0.0,0.0,False,0.0,0.0,0.0,0.0,False,0.0,0.0,1,True
2026-08-13 21:00:00,11,B,8.0,8.0,False,0.0,0.0,0.0,0.0,False,0.0,0.0,0.0,0.0,False,0.0,0.0,0.0,0.0,False,0.0,0.0,0.0,0.0,False,0.0,0.0,0.0,0.0,False,0.0,0.0,0.0,0.0,False,0.0,0.0,1,True
2026-08-14 00:00:00,12,B,2.0,2.0,False,0.0,0.0,0.0,0.0,False,0.0,0.0,0.0,0.0,False,0.0,0.0,0.0,0.0,False,0.0,0.0,0.0,0.0,False,0.0,0.0,0.0,0.0,False,0.0,0.0,0.0,0.0,False,0.0,0.0,1,True
2026-08-14 03:00:00,12,B,10.0,10.0,False,0.0,0.0,0.0,0.0,False,0.0,0.0,0.0,0.0,False,0.0,0.0,0.0,0.0,False,0.0,0.0,0.0,0.0,False,0.0,0.0,0.0,0.0,False,0.0,0.0,0.0,0.0,False,0.0,0.0,1,True
2026-08-14 06:00:00,12,B,0.0,0.0,False,0.0,0.0,0.0,0.0,False,0.0,0.0,0.0,0.0,False,0.0,0.0,0.0,0.0,False,0.0,0.0,0.0,0.0,False,0.0,0.0,0.0,0.0,False,0.0,0.0,0.0,0.0,False,0.0,0.0,0,True
2026-08-14 09:00:00,12,B,10.0,10.0,False,0.0,0.0,0.0,0.0,False,0.0,0.0,0.0,0.0,False,0.0,0.0,0.0,0.0,False,0.0,0.0,0.0,0.0,False,0.0,0.0,0.0,0.0,False,0.0,0.0,0.0,0.0,False,0.0,0.0,1,True
2026-08-14 12:00:00,12,B,8.0,8.0,False,0.0,0.0,0.0,0.0,False,0.0,0.0,0.0,0.0,False,0.0,0.0,0.0,0.0,False,0.0,0.0,0.0,0.0,False,0.0,0.0,0.0,0.0,False,0.0,0.0,0.0,0.0,False,0.0,0.0,1,True
2026-08-14 15:00:00,12,B,5.0,5.0,False,0.0,0.0,0.0,0.0,False,0.0,0.0,0.0,0.0,False,0.0,0.0,0.0,0.0,False,0.0,0.0,0.0,0.0,False,0.0,0.0,0.0,0.0,False,0.0,0.0,0.0,0.0,False,0.0,0.0,1,True
2026-08-14 18:00:00,12,B,2.0,2.0,False,0.0,0.0,0.0,0.0,False,0.0,0.0,0.0,0.0,False,0.0,0.0,0.0,0.0,False,0.0,0.0,0.0,0.0,False,0.0,0.0,0.0,0.0,False,0.0,0.0,0.0,0.0,False,0.0,0.0,1,True
2026-08-14 21:00:00,12,B,0.0,0.0,False,0.0,0.0,0.0,0.0,False,0.0,0.0,0.0,0.0,False,0.0,0.0,0.0,0.0,False,0.0,0.0,0.0,0.0,False,0.0,0.0,0.0,0.0,False,0.0,0.0,0.0,0.0,False,0.0,0.0,0,True
2026-08-15 00:00:00,13,C,5.0,5.0,False,0.0,0.0,0.0,0.0,False,0.0,0.0,0.0,0.0,False,0.0,0.0,0.0,0.0,False,0.0,0.0,0.0,0.0,False,0.0,0.0,0.0,0.0,False,0.0,0.0,0.0,0.0,False,0.0,0.0,1,True
2026-08-15 03:00:00,13,C,2.0,2.0,False,0.0,0.0,0.0,0.0,False,0.0,0.0,0.0,0.0,False,0.0,0.0,0.0,0.0,False,0.0,0.0,0.0,0.0,False,0.0,0.0,0.0,0.0,False,0.0,0.0,0.0,0.0,False,0.0,0.0,1,True
2026-08-15 06:00:00,13,C,8.0,8.0,False,0.0,0.0,0.0,0.0,False,0.0,0.0,0.0,0.0,False,0.0,0.0,0.0,0.0,False,0.0,0.0,0.0,0.0,False,0.0,0.0,0.0,0.0,False,0.0,0.0,0.0,0.0,False,0.0,0.0,1,True
2026-08-15 09:00:00,13,C,10.0,10.0,False,0.0,0.0,0.0,0.0,False,0.0,0.0,0.0,0.0,False,0.0,0.0,0.0,0.0,False,0.0,0.0,0.0,0.0,False,0.0,0.0,0.0,0.0,False,0.0,0.0,0.0,0.0,False,0.0,0.0,1,True
2026-08-15 12:00:00,13,C,0.0,0.0,False,0.0,0.0,0.0,0.0,False,0.0,0.0,0.0,0.0,False,0.0,0.0,0.0,0.0,False,0.0,0.0,0.0,0.0,False,0.0,0.0,0.0,0.0,False,0.0,0.0,0.0,0.0,False,0.0,0.0,0,True
2026-08-15 15:00:00,13,C,0.0,0.0,False,0.0,0.0,0.0,0.0,False,0.0,0.0,0.0,0.0,False,0.0,0.0,0.0,0.0,False,0.0,0.0,0.0,0.0,False,0.0,0.0,0.0,0.0,False,0.0,0.0,0.0,0.0,False,0.0,0.0,0,True
2026-08-15 18:00:00,13,C,0.0,0.0,False,0.0,0.0,0.0,0.0,False,0.0,0.0,0.0,0.0,False,0.0,0.0,0.0,0.0,False,0.0,0.0,0.0,0.0,False,0.0,0.0,0.0,0.0,False,0.0,0.0,0.0,0.0,False,0.0,0.0,0,True
2026-08-15 21:00:00,13,C,0.0,0.0,False,0.0,0.0,0.0,0.0,False,0.0,0.0,0.0,0.0,False,0.0,0.0,0.0,0.0,False,0.0,0.0,0.0,0.0,False,0.0,0.0,0.0,0.0,False,0.0,0.0,0.0,0.0,False,0.0,0.0,0,True
2026-08-16 00:00:00,14,C,10.0,10.0,False,0.0,0.0,20.0,19.11304347826087,False,0.0,0.0,100.0,100.0,False,0.0,0.0,100.0,100.0,False,0.0,0.0,100.0,100.0,False,0.0,0.0,1.0,1.0,False,0.0,0.0,1.0,1.0,False,0.0,0.0,7,True
2026-08-16 03:00:00,14,C,10.0,10.0,False,0.0,0.0,0.0,0.0,False,0.0,0.0,0.0,0.0,False,0.0,0.0,100.0,100.0,False,0.0,0.0,100.0,100.0,False,0.0,0.0,1.0,1.0,False,0.0,0.0,0.0,0.0,False,0.0,0.0,4,True
2026-08-16 06:00:00,14,C,0.0,0.0,False,0.0,0.0,0.0,0.0,False,0.0,0.0,100.0,100.0,False,0.0,0.0,100.0,100.0,False,0.0,0.0,100.0,100.0,False,0.0,0.0,1.0,1.0,False,0.0,0.0,1.0,1.0,False,0.0,0.0,5,True
2026-08-16 09:00:00,14,C,10.0,10.0,False,0.0,0.0,20.0,19.36521739130435,False,0.0,0.0,0.0,0.0,False,0.0,0.0,100.0,100.0,False,0.0,0.0,100.0,100.0,False,0.0,0.0,0.0,0.0,False,0.0,0.0,1.0,1.0,False,0.0,0.0,5,True
2026-08-16 12:00:00,14,C,10.0,10.0,False,0.0,0.0,20.0,19.278260869565216,False,0.0,0.0,0.0,0.0,False,0.0,0.0,100.0,100.0,False,0.0,0.0,0.0,0.0,False,0.0,0.0,0.0,0.0,False,0.0,0.0,0.0,0.0,False,0.0,0.0,3,True
2026-08-16 15:00:00,14,C,10.0,10.0,False,0.0,0.0,0.0,0.0,False,0.0,0.0,0.0,0.0,False,0.0,0.0,100.0,100.0,False,0.0,0.0,0.0,0.0,False,0.0,0.0,1.0,1.0,False,0.0,0.0,1.0,1.0,False,0.0,0.0,4,True
2026-08-16 18:00:00,14,C,0.0,0.0,False,0.0,0.0,0.0,0.0,False,0.0,0.0,100.0,100.0,False,0.0,0.0,0.0,0.0,False,0.0,0.0,100.0,100.0,False,0.0,0.0,0.0,0.0,False,0.0,0.0,0.0,0.0,False,0.0,0.0,2,True
2026-08-16 21:00:00,14,C,10.0,10.0,False,0.0,0.0,0.0,0.0,False,0.0,0.0,100.0,100.0,False,0.0,0.0,100.0,100.0,False,0.0,0.0,0.0,0.0,False,0.0,0.0,0.0,0.0,False,0.0,0.0,1.0,1.0,False,0.0,0.0,4,True
2026-08-17 00:00:00,15,C,10.0,10.0,False,0.0,0.0,20.0,19.269565217391303,False,0.0,0.0,100.0,100.0,False,0.0,0.0,0.0,0.0,False,0.0,0.0,0.0,0.0,False,0.0,0.0,0.0,0.0,False,0.0,0.0,1.0,1.0,False,0.0,0.0,4,True
2026-08-17 03:00:00,15,C,0.0,0.0,False,0.0,0.0,20.0,19.243478260869566,False,0.0,0.0,0.0,0.0,False,0.0,0.0,100.0,100.0,False,0.0,0.0,0.0,0.0,False,0.0,0.0,1.0,1.0,False,0.0,0.0,1.0,1.0,False,0.0,0.0,4,True
2026-08-17 06:00:00,15,C,10.0,10.0,False,0.0,0.0,20.0,19.121739130434783,False,0.0,0.0,0.0,0.0,False,0.0,0.0,0.0,0.0,False,0.0,0.0,0.0,0.0,False,0.0,0.0,1.0,1.0,False,0.0,0.0,1.0,1.0,False,0.0,0.0,4,True
2026-08-17 09:00:00,15,C,10.0,10.0,False,0.0,0.0,0.0,0.0,False,0.0,0.0,100.0,100.0,False,0.0,0.0,100.0,100.0,False,0.0,0.0,100.0,100.0,False,0.0,0.0,0.0,0.0,False,0.0,0.0,0.0,0.0,False,0.0,0.0,4,True
2026-08-17 12:00:00,15,C,10.0,10.0,False,0.0,0.0,0.0,0.0,False,0.0,0.0,100.0,100.0,False,0.0,0.0,0.0,0.0,False,0.0,0.0,0.0,0.0,False,0.0,0.0,1.0,1.0,False,0.0,0.0,0.0,0.0,False,0.0,0.0,3,True
2026-08-17 15:00:00,15,C,0.0,0.0,False,0.0,0.0,20.0,18.791304347826088,False,0.0,0.0,0.0,0.0,False,0.0,0.0,0.0,0.0,False,0.0,0.0,100.0,100.0,False,0.0,0.0,0.0,0.0,False,0.0,0.0,1.0,1.0,False,0.0,0.0,3,True
2026-08-17 18:00:00,15,C,0.0,0.0,False,0.0,0.0,0.0,0.0,False,0.0,0.0,100.0,100.0,False,0.0,0.0,100.0,100.0,False,0.0,0.0,0.0,0.0,False,0.0,0.0,1.0,1.0,False,0.0,0.0,0.0,0.0,False,0.0,0.0,3,True
2026-08-17 21:00:00,15,C,10.0,10.0,False,0.0,0.0,0.0,0.0,False,0.0,0.0,0.0,0.0,False,0.0,0.0,0.0,0.0,False,0.0,0.0,0.0,0.0,False,0.0,0.0,0.0,0.0,False,0.0,0.0,0.0,0.0,False,0.0,0.0,1,True
2026-08-18 00:00:00,16,C,0.0,0.0,False,0.0,0.0,0.0,0.0,False,0.0,0.0,0.0,0.0,False,0.0,0.0,100.0,100.0,False,0.0,0.0,100.0,100.0,False,0.0,0.0,0.0,0.0,False,0.0,0.0,1.0,1.0,False,0.0,0.0,3,True
2026-08-18 03:00:00,16,C,0.0,0.0,False,0.0,0.0,0.0,0.0,False,0.0,0.0,0.0,0.0,False,0.0,0.0,0.0,0.0,False,0.0,0.0,0.0,0.0,False,0.0,0.0,1.0,1.0,False,0.0,0.0,1.0,1.0,False,0.0,0.0,2,True
2026-08-18 06:00:00,16,C,0.0,0.0,False,0.0,0.0,20.0,19.286956521739132,False,0.0,0.0,100.0,100.0,False,0.0,0.0,100.0,100.0,False,0.0,0.0,100.0,100.0,False,0.0,0.0,0.0,0.0,False,0.0,0.0,0.0,0.0,False,0.0,0.0,4,True
2026-08-18 09:00:00,16,C,10.0,10.0,False,0.0,0.0,0.0,0.0,False,0.0,0.0,0.0,0.0,False,0.0,0.0,0.0,0.0,False,0.0,0.0,100.0,100.0,False,0.0,0.0,0.0,0.0,False,0.0,0.0,1.0,1.0,False,0.0,0.0,3,True
2026-08-18 12:00:00,16,C,10.0,10.0,False,0.0,0.0,20.0,19.191304347826087,False,0.0,0.0,0.0,0.0,False,0.0,0.0,0.0,0.0,False,0.0,0.0,100.0,100.0,False,0.0,0.0,1.0,1.0,False,0.0,0.0,0.0,0.0,False,0.0,0.0,4,True
2026-08-18 15:00:00,16,C,0.0,0.0,False,0.0,0.0,20.0,19.208695652173912,False,0.0,0.0,100.0,100.0,False,0.0,0.0,0.0,0.0,False,0.0,0.0,0.0,0.0,False,0.0,0.0,1.0,1.0,False,0.0,0.0,0.0,0.0,False,0.0,0.0,3,True
2026-08-18 18:00:00,16,C,10.0,10.0,False,0.0,0.0,0.0,0.0,False,0.0,0.0,100.0,100.0,False,0.0,0.0,0.0,0.0,False,0.0,0.0,100.0,100.0,False,0.0,0.0,1.0,1.0,False,0.0,0.0,1.0,1.0,False,0.0,0.0,5,True
2026-08-18 21:00:00,16,C,0.0,0.0,False,0.0,0.0,20.0,18.704347826086956,False,0.0,0.0,0.0,0.0,False,0.0,0.0,100.0,100.0,False,0.0,0.0,100.0,100.0,False,0.0,0.0,1.0,1.0,False,0.0,0.0,0.0,0.0,False,0.0,0.0,4,True
2026-08-19 00:00:00,17,C,0.0,0.0,False,0.0,0.0,20.0,19.043478260869566,False,0.0,0.0,100.0,100.0,False,0.0,0.0,100.0,100.0,False,0.0,0.0,0.0,0.0,False,0.0,0.0,0.0,0.0,False,0.0,0.0,1.0,1.0,False,0.0,0.0,4,True
2026-08-19 03:00:00,17,C,10.0,10.0,False,0.0,0.0,20.0,19.043478260869566,False,0.0,0.0,100.0,100.0,False,0.0,0.0,100.0,100.0,False,0.0,0.0,0.0,0.0,False,0.0,0.0,1.0,1.0,False,0.0,0.0,0.0,0.0,False,0.0,0.0,5,True
2026-08-19 06:00:00,17,C,0.0,0.0,False,0.0,0.0,0.0,0.0,False,0.0,0.0,0.0,0.0,False,0.0,0.0,100.0,100.0,False,0.0,0.0,0.0,0.0,False,0.0,0.0,0.0,0.0,False,0.0,0.0,0.0,0.0,False,0.0,0.0,1,True
2026-08-19 09:00:00,17,C,0.0,0.0,False,0.0,0.0,0.0,0.0,False,0.0,0.0,100.0,100.0,False,0.0,0.0,0.0,0.0,False,0.0,0.0,0.0,0.0,False,0.0,0.0,0.0,0.0,False,0.0,0.0,1.0,1.0,False,0.0,0.0,2,True
2026-08-19 12:00:00,17,C,10.0,10.0,False,0.0,0.0,20.0,19.078260869565216,False,0.0,0.0,100.0,100.0,False,0.0,0.0,0.0,0.0,False,0.0,0.0,100.0,100.0,False,0.0,0.0,0.0,0.0,False,0.0,0.0,0.0,0.0,False,0.0,0.0,4,True
2026-08-19 15:00:00,17,C,0.0,0.0,False,0.0,0.0,0.0,0.0,False,0.0,0.0,100.0,100.0,False,0.0,0.0,100.0,100.0,False,0.0,0.0,0.0,0.0,False,0.0,0.0,1.0,1.0,False,0.0,0.0,0.0,0.0,False,0.0,0.0,3,True
2026-08-19 18:00:00,17,C,0.0,0.0,False,0.0,0.0,20.0,19.347826086956523,False,0.0,0.0,100.0,100.0,False,0.0,0.0,0.0,0.0,False,0.0,0.0,100.0,100.0,False,0.0,0.0,1.0,1.0,False,0.0,0.0,1.0,1.0,False,0.0,0.0,5,True
2026-08-19 21:00:00,17,C,0.0,0.0,False,0.0,0.0,20.0,19.05217391304348,False,0.0,0.0,0.0,0.0,False,0.0,0.0,0.0,0.0,False,0.0,0.0,0.0,0.0,False,0.0,0.0,0.0,0.0,False,0.0,0.0,0.0,0.0,False,0.0,0.0,1,True
2026-08-20 00:00:00,18,C,8.0,8.0,False,0.0,0.0,5.0,4.565217391304348,False,0.0,0.0,0.0,0.0,False,0.0,0.0,50.0,50.0,False,0.0,0.0,100.0,100.0,False,0.0,0.0,1.0,1.0,False,0.0,0.0,1.0,1.0,False,0.0,0.0,6,True
2026-08-20 03:00:00,18,C,4.0,4.0,False,0.0,0.0,20.0,19.37391304347826,False,0.0,0.0,100.0,100.0,False,0.0,0.0,50.0,50.0,False,0.0,0.0,0.0,0.0,False,0.0,0.0,0.0,0.0,False,0.0,0.0,0.0,0.0,False,0.0,0.0,4,True
2026-08-20 06:00:00,18,C,0.0,0.0,False,0.0,0.0,0.0,0.0,False,0.0,0.0,25.0,25.0,False,0.0,0.0,100.0,100.0,False,0.0,0.0,50.0,50.0,False,0.0,0.0,0.0,0.0,False,0.0,0.0,1.0,1.0,False,0.0,0.0,4,True
2026-08-20 09:00:00,18,C,8.0,8.0,False,0.0,0.0,10.0,9.756521739130434,False,0.0,0.0,75.0,75.0,False,0.0,0.0,0.0,0.0,False,0.0,0.0,100.0,100.0,False,0.0,0.0,1.0,1.0,False,0.0,0.0,0.0,0.0,False,0.0,0.0,5,True
2026-08-20 12:00:00,18,C,10.0,10.0,False,0.0,0.0,0.0,0.0,False,0.0,0.0,100.0,100.0,False,0.0,0.0,0.0,0.0,False,0.0,0.0,50.0,50.0,False,0.0,0.0,1.0,1.0,False,0.0,0.0,1.0,1.0,False,0.0,0.0,5,True
2026-08-20 15:00:00,18,C,0.0,0.0,False,0.0,0.0,10.0,9.31304347826087,False,0.0,0.0,0.0,-1.0,False,0.0,0.0,100.0,100.0,False,0.0,0.0,0.0,0.0,False,0.0,0.0,0.0,0.0,False,0.0,0.0,0.0,0.0,False,0.0,0.0,2,True
2026-08-20 18:00:00,18,C,2.0,2.0,False,0.0,0.0,5.0,4.782608695652174,False,0.0,0.0,50.0,50.0,False,0.0,0.0,0.0,0.0,False,0.0,0.0,0.0,0.0,False,0.0,0.0,0.0,0.0,False,0.0,0.0,1.0,1.0,False,0.0,0.0,4,True
2026-08-20 21:00:00,18,C,6.0,6.0,False,0.0,0.0,20.0,19.217391304347824,False,0.0,0.0,50.0,50.0,False,0.0,0.0,50.0,50.0,False,0.0,0.0,100.0,100.0,False,0.0,0.0,1.0,1.0,False,0.0,0.0,0.0,0.0,False,0.0,0.0,6,True
2026-08-21 00:00:00,19,D,6.0,6.0,False,0.0,0.0,0.0,0.0,False,0.0,0.0,75.0,75.0,False,0.0,0.0,100.0,100.0,False,0.0,0.0,0.0,0.0,False,0.0,0.0,1.0,1.0,False,0.0,0.0,1.0,1.0,False,0.0,0.0,5,True
2026-08-21 03:00:00,19,D,2.0,2.0,False,0.0,0.0,10.0,9.365217391304348,False,0.0,0.0,25.0,25.0,False,0.0,0.0,0.0,0.0,False,0.0,0.0,100.0,100.0,False,0.0,0.0,0.0,0.0,False,0.0,0.0,0.0,0.0,False,0.0,0.0,4,True
2026-08-21 06:00:00,19,D,2.0,2.0,False,0.0,0.0,5.0,4.48695652173913,False,0.0,0.0,100.0,100.0,False,0.0,0.0,100.0,100.0,False,0.0,0.0,50.0,50.0,False,0.0,0.0,0.0,0.0,False,0.0,0.0,1.0,1.0,False,0.0,0.0,6,True
2026-08-21 09:00:00,19,D,10.0,10.0,False,0.0,0.0,20.0,19.2,False,0.0,0.0,0.0,0.0,False,0.0,0.0,50.0,50.0,False,0.0,0.0,50.0,50.0,False,0.0,0.0,1.0,1.0,False,0.0,0.0,0.0,0.0,False,0.0,0.0,5,True
2026-08-21 12:00:00,19,D,8.0,8.0,False,0.0,0.0,5.0,4.6869565217391305,False,0.0,0.0,25.0,25.0,False,0.0,0.0,50.0,50.0,False,0.0,0.0,0.0,0.0,False,0.0,0.0,1.0,1.0,False,0.0,0.0,1.0,1.0,False,0.0,0.0,6,True
2026-08-21 15:00:00,19,D,0.0,0.0,False,0.0,0.0,20.0,19.069565217391304,False,0.0,0.0,75.0,75.0,False,0.0,0.0,50.0,50.0,False,0.0,0.0,50.0,50.0,False,0.0,0.0,0.0,0.0,False,0.0,0.0,0.0,0.0,False,0.0,0.0,4,True
2026-08-21 18:00:00,19,D,4.0,4.0,False,0.0,0.0,0.0,0.0,False,0.0,0.0,25.0,25.0,False,0.0,0.0,0.0,0.0,False,0.0,0.0,100.0,100.0,False,0.0,0.0,0.0,0.0,False,0.0,0.0,1.0,1.0,False,0.0,0.0,4,True
2026-08-21 21:00:00,19,D,6.0,6.0,False,0.0,0.0,10.0,9.321739130434782,False,0.0,0.0,75.0,75.0,False,0.0,0.0,100.0,100.0,False,0.0,0.0,0.0,0.0,False,0.0,0.0,1.0,1.0,False,0.0,0.0,0.0,0.0,False,0.0,0.0,5,True
2026-08-22 00:00:00,20,D,8.0,8.0,False,0.0,0.0,0.0,0.0,False,0.0,0.0,50.0,50.0,False,0.0,0.0,0.0,0.0,False,0.0,0.0,100.0,100.0,False,0.0,0.0,0.0,0.0,False,0.0,0.0,0.0,0.0,False,0.0,0.0,3,True
2026-08-22 03:00:00,20,D,4.0,4.0,False,0.0,0.0,10.0,9.539130434782608,False,0.0,0.0,50.0,50.0,False,0.0,0.0,100.0,100.0,False,0.0,0.0,50.0,50.0,False,0.0,0.0,1.0,1.0,False,0.0,0.0,1.0,1.0,False,0.0,0.0,7,True
2026-08-22 06:00:00,20,D,0.0,0.0,False,0.0,0.0,5.0,4.304347826086956,False,0.0,0.0,0.0,0.0,False,0.0,0.0,0.0,0.0,False,0.0,0.0,0.0,0.0,False,0.0,0.0,1.0,1.0,False,0.0,0.0,0.0,0.0,False,0.0,0.0,2,True
2026-08-22 09:00:00,20,D,10.0,10.0,False,0.0,0.0,20.0,19.08695652173913,False,0.0,0.0,100.0,100.0,False,0.0,0.0,100.0,100.0,False,0.0,0.0,100.0,100.0,False,0.0,0.0,0.0,0.0,False,0.0,0.0,1.0,1.0,False,0.0,0.0,6,True
2026-08-22 12:00:00,20,D,10.0,10.0,False,0.0,0.0,5.0,4.452173913043478,False,0.0,0.0,75.0,75.0,False,0.0,0.0,100.0,100.0,False,0.0,0.0,100.0,100.0,False,0.0,0.0,0.0,0.0,False,0.0,0.0,0.0,0.0,False,0.0,0.0,5,True
2026-08-22 15:00:00,20,D,2.0,2.0,False,0.0,0.0,20.0,18.982608695652175,False,0.0,0.0,25.0,25.0,False,0.0,0.0,0.0,0.0,False,0.0,0.0,0.0,0.0,False,0.0,0.0,1.0,1.0,False,0.0,0.0,1.0,1.0,False,0.0,0.0,5,True
2026-08-22 18:00:00,20,D,2.0,2.0,False,0.0,0.0,0.0,0.0,False,0.0,0.0,75.0,75.0,False,0.0,0.0,50.0,50.0,False,0.0,0.0,0.0,0.0,False,0.0,0.0,1.0,1.0,False,0.0,0.0,0.0,0.0,False,0.0,0.0,4,True
2026-08-22 21:00:00,20,D,6.0,6.0,False,0.0,0.0,10.0,9.330434782608696,False,0.0,0.0,25.0,25.0,False,0.0,0.0,50.0,50.0,False,0.0,0.0,50.0,50.0,False,0.0,0.0,0.0,0.0,False,0.0,0.0,1.0,1.0,False,0.0,0.0,6,True
2026-08-23 00:00:00,21,D,0.0,0.0,False,0.0,0.0,0.0,0.0,False,0.0,0.0,0.0,0.0,False,0.0,0.0,0.0,0.0,False,0.0,0.0,0.0,0.0,False,0.0,0.0,0.0,0.0,False,0.0,0.0,0.0,0.0,False,0.0,0.0,0,True
2026-08-23 03:00:00,21,D,4.0,4.0,False,0.0,0.0,20.0,19.2,False,0.0,0.0,0.0,0.0,False,0.0,0.0,100.0,100.0,False,0.0,0.0,100.0,100.0,False,0.0,0.0,1.0,1.0,False,0.0,0.0,1.0,1.0,False,0.0,0.0,6,True
2026-08-23 06:00:00,21,D,2.0,2.0,False,0.0,0.0,0.0,0.0,False,0.0,0.0,75.0,75.0,False,0.0,0.0,50.0,50.0,False,0.0,0.0,100.0,100.0,False,0.0,0.0,1.0,1.0,False,0.0,0.0,0.0,0.0,False,0.0,0.0,5,True
2026-08-23 09:00:00,21,D,10.0,10.0,False,0.0,0.0,10.0,9.156521739130435,False,0.0,0.0,25.0,25.0,False,0.0,0.0,50.0,50.0,False,0.0,0.0,0.0,0.0,False,0.0,0.0,0.0,0.0,False,0.0,0.0,1.0,1.0,False,0.0,0.0,5,True
2026-08-23 12:00:00,21,D,8.0,8.0,False,0.0,0.0,0.0,0.0,False,0.0,0.0,0.0,0.0,False,0.0,0.0,100.0,100.0,False,0.0,0.0,0.0,0.0,False,0.0,0.0,0.0,0.0,False,0.0,0.0,0.0,0.0,False,0.0,0.0,2,True
2026-08-23 15:00:00,21,D,0.0,0.0,False,0.0,0.0,10.0,9.373913043478261,False,0.0,0.0,100.0,100.0,False,0.0,0.0,0.0,0.0,False,0.0,0.0,100.0,100.0,False,0.0,0.0,1.0,1.0,False,0.0,0.0,1.0,1.0,False,0.0,0.0,5,True
2026-08-23 18:00:00,21,D,4.0,4.0,False,0.0,0.0,5.0,4.556521739130435,False,0.0,0.0,50.0,50.0,False,0.0,0.0,100.0,100.0,False,0.0,0.0,50.0,50.0,False,0.0,0.0,1.0,1.0,False,0.0,0.0,0.0,0.0,False,0.0,0.0,6,True
2026-08-23 21:00:00,21,D,8.0,8.0,False,0.0,0.0,20.0,18.83478260869565,False,0.0,0.0,50.0,50.0,False,0.0,0.0,0.0,0.0,False,0.0,0.0,50.0,50.0,False,0.0,0.0,0.0,0.0,False,0.0,0.0,1.0,1.0,False,0.0,0.0,5,True
2026-08-24 00:00:00,22,D,8.0,8.0,False,0.0,0.0,0.0,0.0,False,0.0,0.0,100.0,100.0,False,0.0,0.0,50.0,50.0,False,0.0,0.0,100.0,100.0,False,0.0,0.0,0.0,0.0,False,0.0,0.0,0.0,0.0,False,0.0,0.0,4,True
2026-08-24 03:00:00,22,D,4.0,4.0,False,0.0,0.0,10.0,9.182608695652174,False,0.0,0.0,0.0,0.0,False,0.0,0.0,50.0,50.0,False,0.0,0.0,0.0,0.0,False,0.0,0.0,1.0,1.0,False,0.0,0.0,1.0,1.0,False,0.0,0.0,5,True
2026-08-24 06:00:00,22,D,0.0,0.0,False,0.0,0.0,5.0,4.2956521739130435,False,0.0,0.0,75.0,75.0,False,0.0,0.0,0.0,0.0,False,0.0,0.0,0.0,0.0,False,0.0,0.0,1.0,1.0,False,0.0,0.0,0.0,0.0,False,0.0,0.0,3,True
2026-08-24 09:00:00,22,D,8.0,8.0,False,0.0,0.0,20.0,19.16521739130435,False,0.0,0.0,50.0,50.0,False,0.0,0.0,100.0,100.0,False,0.0,0.0,50.0,50.0,False,0.0,0.0,0.0,0.0,False,0.0,0.0,1.0,1.0,False,0.0,0.0,6,True
2026-08-24 12:00:00,22,D,10.0,10.0,False,0.0,0.0,5.0,4.626086956521739,False,0.0,0.0,25.0,25.0,False,0.0,0.0,100.0,100.0,False,0.0,0.0,100.0,100.0,False,0.0,0.0,0.0,0.0,False,0.0,0.0,0.0,0.0,False,0.0,0.0,5,True
2026-08-24 15:00:00,22,D,0.0,0.0,False,0.0,0.0,20.0,18.93913043478261,False,0.0,0.0,100.0,100.0,False,0.0,0.0,0.0,0.0,False,0.0,0.0,50.0,50.0,False,0.0,0.0,1.0,1.0,False,0.0,0.0,1.0,1.0,False,0.0,0.0,5,True
2026-08-24 18:00:00,22,D,4.0,4.0,False,0.0,0.0,0.0,0.0,False,0.0,0.0,25.0,25.0,False,0.0,0.0,100.0,100.0,False,0.0,0.0,0.0,0.0,False,0.0,0.0,1.0,1.0,False,0.0,0.0,0.0,0.0,False,0.0,0.0,4,True
2026-08-24 21:00:00,22,D,6.0,6.0,False,0.0,0.0,10.0,9.486956521739131,False,0.0,0.0,75.0,75.0,False,0.0,0.0,0.0,0.0,False,0.0,0.0,100.0,100.0,False,0.0,0.0,0.0,0.0,False,0.0,0.0,1.0,1.0,False,0.0,0.0,5,True
2026-08-25 00:00:00,23,D,6.0,6.0,False,0.0,0.0,5.0,4.608695652173913,False,0.0,0.0,25.0,25.0,False,0.0,0.0,0.0,0.0,False,0.0,0.0,0.0,0.0,False,0.0,0.0,0.0,0.0,False,0.0,0.0,0.0,0.0,False,0.0,0.0,3,True
2026-08-25 03:00:00,23,D,2.0,2.0,False,0.0,0.0,20.0,19.130434782608695,False,0.0,0.0,75.0,75.0,False,0.0,0.0,100.0,100.0,False,0.0,0.0,100.0,100.0,False,0.0,0.0,1.0,1.0,False,0.0,0.0,1.0,1.0,False,0.0,0.0,7,True
2026-08-25 06:00:00,23,D,2.0,2.0,False,0.0,0.0,0.0,0.0,False,0.0,0.0,0.0,0.0,False,0.0,0.0,50.0,50.0,False,0.0,0.0,50.0,50.0,False,0.0,0.0,1.0,1.0,False,0.0,0.0,0.0,0.0,False,0.0,0.0,4,True
2026-08-25 09:00:00,23,D,10.0,10.0,False,0.0,0.0,10.0,9.382608695652173,False,0.0,0.0,100.0,100.0,False,0.0,0.0,100.0,100.0,False,0.0,0.0,50.0,50.0,False,0.0,0.0,0.0,0.0,False,0.0,0.0,1.0,1.0,False,0.0,0.0,6,True
2026-08-25 12:00:00,23,D,10.0,10.0,False,0.0,0.0,0.0,0.0,False,0.0,0.0,50.0,50.0,False,0.0,0.0,50.0,50.0,False,0.0,0.0,50.0,50.0,False,0.0,0.0,0.0,0.0,False,0.0,0.0,0.0,0.0,False,0.0,0.0,4,True
2026-08-25 15:00:00,23,D,0.0,0.0,False,0.0,0.0,10.0,9.321739130434782,False,0.0,0.0,50.0,50.0,False,0.0,0.0,50.0,50.0,False,0.0,0.0,50.0,50.0,False,0.0,0.0,1.0,1.0,False,0.0,0.0,1.0,1.0,False,0.0,0.0,6,True
2026-08-25 18:00:00,23,D,4.0,4.0,False,0.0,0.0,5.0,4.7043478260869565,False,0.0,0.0,100.0,100.0,False,0.0,0.0,100.0,100.0,False,0.0,0.0,100.0,100.0,False,0.0,0.0,1.0,1.0,False,0.0,0.0,0.0,0.0,False,0.0,0.0,6,True
2026-08-25 21:00:00,23,D,8.0,8.0,False,0.0,0.0,20.0,19.0,False,0.0,0.0,0.0,0.0,False,0.0,0.0,0.0,0.0,False,0.0,0.0,0.0,0.0,False,0.0,0.0,0.0,0.0,False,0.0,0.0,1.0,1.0,False,0.0,0.0,3,True
2026-08-26 00:00:00,24,D,6.0,6.0,False,0.0,0.0,5.0,4.147826086956521,False,0.0,0.0,75.0,75.0,False,0.0,0.0,50.0,50.0,False,0.0,0.0,50.0,50.0,False,0.0,0.0,1.0,1.0,False,0.0,0.0,1.0,1.0,False,0.0,0.0,7,True
2026-08-26 03:00:00,24,D,4.0,4.0,False,0.0,0.0,20.0,19.243478260869566,False,0.0,0.0,25.0,25.0,False,0.0,0.0,0.0,0.0,False,0.0,0.0,0.0,0.0,False,0.0,0.0,0.0,0.0,False,0.0,0.0,0.0,0.0,False,0.0,0.0,3,True
2026-08-26 06:00:00,24,D,0.0,0.0,False,0.0,0.0,0.0,0.0,False,0.0,0.0,100.0,100.0,False,0.0,0.0,100.0,100.0,False,0.0,0.0,0.0,0.0,False,0.0,0.0,0.0,0.0,False,0.0,0.0,1.0,1.0,False,0.0,0.0,3,True
2026-08-26 09:00:00,24,D,8.0,8.0,False,0.0,0.0,10.0,9.391304347826088,False,0.0,0.0,0.0,0.0,False,0.0,0.0,0.0,0.0,False,0.0,0.0,100.0,100.0,False,0.0,0.0,1.0,1.0,False,0.0,0.0,0.0,0.0,False,0.0,0.0,4,True
2026-08-26 12:00:00,24,D,10.0,10.0,False,0.0,0.0,0.0,0.0,False,0.0,0.0,50.0,50.0,False,0.0,0.0,0.0,0.0,False,0.0,0.0,100.0,100.0,False,0.0,0.0,1.0,1.0,False,0.0,0.0,1.0,1.0,False,0.0,0.0,5,True
2026-08-26 15:00:00,24,D,2.0,2.0,False,0.0,0.0,10.0,9.208695652173914,False,0.0,0.0,50.0,50.0,False,0.0,0.0,100.0,100.0,False,0.0,0.0,0.0,0.0,False,0.0,0.0,0.0,0.0,False,0.0,0.0,0.0,0.0,False,0.0,0.0,4,True
2026-08-26 18:00:00,24,D,2.0,2.0,False,0.0,0.0,5.0,4.556521739130435,False,0.0,0.0,0.0,0.0,False,0.0,0.0,50.0,50.0,False,0.0,0.0,50.0,50.0,False,0.0,0.0,0.0,0.0,False,0.0,0.0,1.0,1.0,False,0.0,0.0,5,True
2026-08-26 21:00:00,24,D,6.0,6.0,False,0.0,0.0,20.0,19.14782608695652,False,0.0,0.0,100.0,100.0,False,0.0,0.0,50.0,50.0,False,0.0,0.0,100.0,100.0,False,0.0,0.0,1.0,1.0,False,0.0,0.0,0.0,0.0,False,0.0,0.0,6,True
2026-08-27 00:00:00,25,D,6.0,6.0,False,0.0,0.0,0.0,0.0,False,0.0,0.0,0.0,0.0,False,0.0,0.0,100.0,100.0,False,0.0,0.0,50.0,50.0,False,0.0,0.0,1.0,1.0,False,0.0,0.0,1.0,1.0,False,0.0,0.0,5,True
2026-08-27 03:00:00,25,D,4.0,4.0,False,0.0,0.0,10.0,9.339130434782609,False,0.0,0.0,100.0,100.0,False,0.0,0.0,0.0,0.0,False,0.0,0.0,50.0,50.0,False,0.0,0.0,0.0,0.0,False,0.0,0.0,0.0,0.0,False,0.0,0.0,4,True
2026-08-27 06:00:00,25,D,0.0,0.0,False,0.0,0.0,5.0,4.182608695652174,False,0.0,0.0,50.0,50.0,False,0.0,0.0,50.0,50.0,False,0.0,0.0,100.0,100.0,False,0.0,0.0,0.0,0.0,False,0.0,0.0,1.0,1.0,False,0.0,0.0,5,True
2026-08-27 09:00:00,25,D,10.0,10.0,False,0.0,0.0,20.0,18.756521739130434,False,0.0,0.0,50.0,50.0,False,0.0,0.0,50.0,50.0,False,0.0,0.0,0.0,0.0,False,0.0,0.0,1.0,1.0,False,0.0,0.0,0.0,0.0,False,0.0,0.0,5,True
2026-08-27 12:00:00,25,D,0.0,0.0,False,0.0,0.0,0.0,0.0,False,0.0,0.0,0.0,0.0,False,0.0,0.0,0.0,0.0,False,0.0,0.0,0.0,0.0,False,0.0,0.0,0.0,0.0,False,0.0,0.0,0.0,0.0,False,0.0,0.0,0,True
2026-08-27 15:00:00,25,D,0.0,0.0,False,0.0,0.0,20.0,19.06086956521739,False,0.0,0.0,25.0,25.0,False,0.0,0.0,100.0,100.0,False,0.0,0.0,100.0,100.0,False,0.0,0.0,0.0,0.0,False,0.0,0.0,0.0,0.0,False,0.0,0.0,4,True
2026-08-27 18:00:00,25,D,4.0,4.0,False,0.0,0.0,0.0,0.0,False,0.0,0.0,75.0,75.0,False,0.0,0.0,0.0,0.0,False,0.0,0.0,100.0,100.0,False,0.0,0.0,0.0,0.0,False,0.0,0.0,1.0,1.0,False,0.0,0.0,4,True
2026-08-27 21:00:00,25,D,8.0,8.0,False,0.0,0.0,10.0,9.165217391304347,False,0.0,0.0,25.0,25.0,False,0.0,0.0,100.0,100.0,False,0.0,0.0,50.0,50.0,False,0.0,0.0,1.0,1.0,False,0.0,0.0,0.0,0.0,False,0.0,0.0,6,True
2026-08-28 00:00:00,26,D,8.0,8.0,False,0.0,0.0,0.0,0.0,False,0.0,0.0,75.0,75.0,False,0.0,0.0,0.0,0.0,False,0.0,0.0,0.0,0.0,False,0.0,0.0,1.0,1.0,False,0.0,0.0,0.0,0.0,False,0.0,0.0,3,True
2026-08-28 03:00:00,26,D,4.0,4.0,False,0.0,0.0,10.0,9.234782608695653,False,0.0,0.0,25.0,25.0,False,0.0,0.0,100.0,100.0,False,0.0,0.0,100.0,100.0,False,0.0,0.0,0.0,0.0,False,0.0,0.0,1.0,1.0,False,0.0,0.0,6,True
2026-08-28 06:00:00,26,D,0.0,0.0,False,0.0,0.0,5.0,4.469565217391304,False,0.0,0.0,75.0,75.0,False,0.0,0.0,50.0,50.0,False,0.0,0.0,50.0,50.0,False,0.0,0.0,0.0,0.0,False,0.0,0.0,0.0,0.0,False,0.0,0.0,4,True
2026-08-28 09:00:00,26,D,8.0,8.0,False,0.0,0.0,20.0,19.252173913043478,False,0.0,0.0,0.0,0.0,False,0.0,0.0,50.0,50.0,False,0.0,0.0,0.0,0.0,False,0.0,0.0,1.0,1.0,False,0.0,0.0,1.0,1.0,False,0.0,0.0,5,True
2026-08-28 12:00:00,26,D,10.0,10.0,False,0.0,0.0,5.0,4.521739130434782,False,0.0,0.0,25.0,25.0,False,0.0,0.0,100.0,100.0,False,0.0,0.0,50.0,50.0,False,0.0,0.0,1.0,1.0,False,0.0,0.0,0.0,0.0,False,0.0,0.0,6,True
2026-08-28 15:00:00,26,D,0.0,0.0,False,0.0,0.0,20.0,19.2,False,0.0,0.0,75.0,75.0,False,0.0,0.0,50.0,50.0,False,0.0,0.0,100.0,100.0,False,0.0,0.0,0.0,0.0,False,0.0,0.0,1.0,1.0,False,0.0,0.0,5,True
2026-08-28 18:00:00,26,D,2.0,2.0,False,0.0,0.0,0.0,0.0,False,0.0,0.0,0.0,0.0,False,0.0,0.0,100.0,100.0,False,0.0,0.0,100.0,100.0,False,0.0,0.0,0.0,0.0,False,0.0,0.0,0.0,0.0,False,0.0,0.0,3,True
2026-08-28 21:00:00,26,D,6.0,6.0,False,0.0,0.0,10.0,9.469565217391304,False,0.0,0.0,100.0,100.0,False,0.0,0.0,0.0,0.0,False,0.0,0.0,0.0,0.0,False,0.0,0.0,1.0,1.0,False,0.0,0.0,1.0,1.0,False,0.0,0.0,5,True
2026-08-29 00:00:00,27,D,6.0,6.0,False,0.0,0.0,5.0,4.3652173913043475,False,0.0,0.0,0.0,0.0,False,0.0,0.0,0.0,0.0,False,0.0,0.0,100.0,100.0,False,0.0,0.0,1.0,1.0,False,0.0,0.0,0.0,0.0,False,0.0,0.0,4,True
2026-08-29 03:00:00,27,D,2.0,2.0,False,0.0,0.0,20.0,18.878260869565217,False,0.0,0.0,100.0,100.0,False,0.0,0.0,50.0,50.0,False,0.0,0.0,0.0,0.0,False,0.0,0.0,0.0,0.0,False,0.0,0.0,1.0,1.0,False,0.0,0.0,5,True
2026-08-29 06:00:00,27,D,2.0,2.0,False,0.0,0.0,0.0,0.0,False,0.0,0.0,50.0,50.0,False,0.0,0.0,0.0,0.0,False,0.0,0.0,50.0,50.0,False,0.0,0.0,0.0,0.0,False,0.0,0.0,0.0,0.0,False,0.0,0.0,3,True
2026-08-29 09:00:00,27,D,10.0,10.0,False,0.0,0.0,10.0,9.591304347826087,False,0.0,0.0,50.0,50.0,False,0.0,0.0,100.0,100.0,False,0.0,0.0,50.0,50.0,False,0.0,0.0,1.0,1.0,False,0.0,0.0,1.0,1.0,False,0.0,0.0,7,True
2026-08-29 12:00:00,27,D,10.0,10.0,False,0.0,0.0,0.0,0.0,False,0.0,0.0,100.0,100.0,False,0.0,0.0,100.0,100.0,False,0.0,0.0,50.0,50.0,False,0.0,0.0,1.0,1.0,False,0.0,0.0,0.0,0.0,False,0.0,0.0,5,True
2026-08-29 15:00:00,27,D,0.0,0.0,False,0.0,0.0,10.0,9.295652173913043,False,0.0,0.0,0.0,0.0,False,0.0,0.0,0.0,0.0,False,0.0,0.0,50.0,50.0,False,0.0,0.0,0.0,0.0,False,0.0,0.0,1.0,1.0,False,0.0,0.0,3,True
2026-08-29 18:00:00,27,D,4.0,4.0,False,0.0,0.0,5.0,4.591304347826087,False,0.0,0.0,75.0,75.0,False,0.0,0.0,50.0,50.0,False,0.0,0.0,0.0,0.0,False,0.0,0.0,0.0,0.0,False,0.0,0.0,0.0,0.0,False,0.0,0.0,4,True
2026-08-29 21:00:00,27,D,0.0,0.0,False,0.0,0.0,0.0,0.0,False,0.0,0.0,0.0,0.0,False,0.0,0.0,0.0,0.0,False,0.0,0.0,0.0,0.0,False,0.0,0.0,0.0,0.0,False,0.0,0.0,0.0,0.0,False,0.0,0.0,0,True
2026-08-30 00:00:00,28,D,6.0,6.0,False,0.0,0.0,5.0,4.643478260869565,False,0.0,0.0,100.0,100.0,False,0.0,0.0,100.0,100.0,False,0.0,0.0,0.0,0.0,False,0.0,0.0,0.0,0.0,False,0.0,0.0,1.0,1.0,False,0.0,0.0,5,True
2026-08-30 03:00:00,28,D,0.0,0.0,False,0.0,0.0,0.0,0.0,False,0.0,0.0,0.0,0.0,False,0.0,0.0,0.0,0.0,False,0.0,0.0,0.0,0.0,False,0.0,0.0,0.0,0.0,False,0.0,0.0,0.0,0.0,False,0.0,0.0,0,True
2026-08-30 06:00:00,28,D,0.0,0.0,False,0.0,0.0,0.0,0.0,False,0.0,0.0,50.0,50.0,False,0.0,0.0,100.0,100.0,False,0.0,0.0,100.0,100.0,False,0.0,0.0,1.0,1.0,False,0.0,0.0,1.0,1.0,False,0.0,0.0,5,True
2026-08-30 09:00:00,28,D,10.0,10.0,False,0.0,0.0,10.0,9.443478260869565,False,0.0,0.0,50.0,50.0,False,0.0,0.0,0.0,0.0,False,0.0,0.0,0.0,0.0,False,0.0,0.0,0.0,0.0,False,0.0,0.0,0.0,0.0,False,0.0,0.0,3,True
2026-08-30 12:00:00,28,D,10.0,10.0,False,0.0,0.0,0.0,0.0,False,0.0,0.0,0.0,0.0,False,0.0,0.0,50.0,50.0,False,0.0,0.0,0.0,0.0,False,0.0,0.0,0.0,0.0,False,0.0,0.0,1.0,1.0,False,0.0,0.0,3,True
2026-08-30 15:00:00,28,D,2.0,2.0,False,0.0,0.0,10.0,9.57391304347826,False,0.0,0.0,100.0,100.0,False,0.0,0.0,50.0,50.0,False,0.0,0.0,100.0,100.0,False,0.0,0.0,1.0,1.0,False,0.0,0.0,0.0,0.0,False,0.0,0.0,6,True
2026-08-30 18:00:00,28,D,2.0,2.0,False,0.0,0.0,5.0,4.51304347826087,False,0.0,0.0,25.0,25.0,False,0.0,0.0,0.0,0.0,False,0.0,0.0,100.0,100.0,False,0.0,0.0,1.0,1.0,False,0.0,0.0,1.0,1.0,False,0.0,0.0,6,True
2026-08-30 21:00:00,28,D,6.0,6.0,False,0.0,0.0,20.0,19.243478260869566,False,0.0,0.0,75.0,75.0,False,0.0,0.0,100.0,100.0,False,0.0,0.0,50.0,50.0,False,0.0,0.0,0.0,0.0,False,0.0,0.0,0.0,0.0,False,0.0,0.0,5,True
2026-08-31 00:00:00,29,D,6.0,6.0,False,0.0,0.0,0.0,0.0,False,0.0,0.0,25.0,25.0,False,0.0,0.0,50.0,50.0,False,0.0,0.0,50.0,50.0,False,0.0,0.0,0.0,0.0,False,0.0,0.0,1.0,1.0,False,0.0,0.0,5,True
2026-08-31 03:00:00,29,D,4.0,4.0,False,0.0,0.0,10.0,9.57391304347826,False,0.0,0.0,75.0,75.0,False,0.0,0.0,50.0,50.0,False,0.0,0.0,50.0,50.0,False,0.0,0.0,1.0,1.0,False,0.0,0.0,0.0,0.0,False,0.0,0.0,6,True
2026-08-31 06:00:00,29,D,2.0,2.0,False,0.0,0.0,5.0,4.182608695652174,False,0.0,0.0,25.0,25.0,False,0.0,0.0,100.0,100.0,False,0.0,0.0,0.0,0.0,False,0.0,0.0,1.0,1.0,False,0.0,0.0,1.0,1.0,False,0.0,0.0,6,True
2026-08-31 09:00:00,29,D,10.0,10.0,False,0.0,0.0,20.0,19.22608695652174,False,0.0,0.0,75.0,75.0,False,0.0,0.0,0.0,0.0,False,0.0,0.0,100.0,100.0,False,0.0,0.0,0.0,0.0,False,0.0,0.0,0.0,0.0,False,0.0,0.0,4,True
2026-08-31 12:00:00,29,D,8.0,8.0,False,0.0,0.0,5.0,4.426086956521739,False,0.0,0.0,50.0,50.0,False,0.0,0.0,0.0,0.0,False,0.0,0.0,100.0,100.0,False,0.0,0.0,0.0,0.0,False,0.0,0.0,1.0,1.0,False,0.0,0.0,5,True
2026-08-31 15:00:00,29,D,0.0,0.0,False,0.0,0.0,20.0,18.860869565217392,False,0.0,0.0,50.0,50.0,False,0.0,0.0,100.0,100.0,False,0.0,0.0,0.0,0.0,False,0.0,0.0,1.0,1.0,False,0.0,0.0,0.0,0.0,False,0.0,0.0,4,True
2026-08-31 18:00:00,29,D,0.0,0.0,False,0.0,0.0,0.0,0.0,False,0.0,0.0,0.0,0.0,False,0.0,0.0,0.0,0.0,False,0.0,0.0,0.0,0.0,False,0.0,0.0,0.0,0.0,False,0.0,0.0,0.0,0.0,False,0.0,0.0,0,True
2026-08-31 21:00:00,29,D,8.0,8.0,False,0.0,0.0,10.0,9.391304347826088,False,0.0,0.0,0.0,0.0,False,0.0,0.0,50.0,50.0,False,0.0,0.0,50.0,50.0,False,0.0,0.0,0.0,0.0,False,0.0,0.0,0.0,0.0,False,0.0,0.0,4,True
2026-09-01 00:00:00,30,D,0.0,0.0,False,0.0,0.0,0.0,0.0,False,0.0,0.0,0.0,0.0,False,0.0,0.0,0.0,0.0,False,0.0,0.0,0.0,0.0,False,0.0,0.0,0.0,0.0,False,0.0,0.0,0.0,0.0,False,0.0,0.0,0,True
2026-09-01 03:00:00,30,D,0.0,0.0,False,0.0,0.0,0.0,0.0,False,0.0,0.0,0.0,0.0,False,0.0,0.0,0.0,0.0,False,0.0,0.0,0.0,0.0,False,0.0,0.0,0.0,0.0,False,0.0,0.0,0.0,0.0,False,0.0,0.0,0,True
2026-09-01 06:00:00,30,D,0.0,0.0,False,0.0,0.0,0.0,0.0,False,0.0,0.0,0.0,0.0,False,0.0,0.0,0.0,0.0,False,0.0,0.0,0.0,0.0,False,0.0,0.0,0.0,0.0,False,0.0,0.0,0.0,0.0,False,0.0,0.0,0,True
2026-09-01 09:00:00,30,D,0.0,0.0,False,0.0,0.0,0.0,0.0,False,0.0,0.0,0.0,0.0,False,0.0,0.0,0.0,0.0,False,0.0,0.0,0.0,0.0,False,0.0,0.0,0.0,0.0,False,0.0,0.0,0.0,0.0,False,0.0,0.0,0,True
2026-09-01 12:00:00,30,D,0.0,0.0,False,0.0,0.0,0.0,0.0,False,0.0,0.0,0.0,0.0,False,0.0,0.0,0.0,0.0,False,0.0,0.0,0.0,0.0,False,0.0,0.0,0.0,0.0,False,0.0,0.0,0.0,0.0,False,0.0,0.0,0,True
2026-09-01 15:00:00,30,D,0.0,0.0,False,0.0,0.0,0.0,0.0,False,0.0,0.0,0.0,0.0,False,0.0,0.0,0.0,0.0,False,0.0,0.0,0.0,0.0,False,0.0,0.0,0.0,0.0,False,0.0,0.0,0.0,0.0,False,0.0,0.0,0,True
2026-09-01 18:00:00,30,D,0.0,0.0,False,0.0,0.0,0.0,0.0,False,0.0,0.0,0.0,0.0,False,0.0,0.0,0.0,0.0,False,0.0,0.0,0.0,0.0,False,0.0,0.0,0.0,0.0,False,0.0,0.0,0.0,0.0,False,0.0,0.0,0,True
2026-09-01 21:00:00,30,D,0.0,0.0,False,0.0,0.0,0.0,0.0,False,0.0,0.0,0.0,0.0,False,0.0,0.0,0.0,0.0,False,0.0,0.0,0.0,0.0,False,0.0,0.0,0.0,0.0,False,0.0,0.0,0.0,0.0,False,0.0,0.0,0,True
2026-09-02 00:00:00,31,D,0.0,0.0,False,0.0,0.0,0.0,0.0,False,0.0,0.0,0.0,0.0,False,0.0,0.0,0.0,0.0,False,0.0,0.0,0.0,0.0,False,0.0,0.0,0.0,0.0,False,0.0,0.0,0.0,0.0,False,0.0,0.0,0,True
2026-09-02 03:00:00,31,D,0.0,0.0,False,0.0,0.0,0.0,0.0,False,0.0,0.0,0.0,0.0,False,0.0,0.0,0.0,0.0,False,0.0,0.0,0.0,0.0,False,0.0,0.0,0.0,0.0,False,0.0,0.0,0.0,0.0,False,0.0,0.0,0,True
2026-09-02 06:00:00,31,D,0.0,0.0,False,0.0,0.0,0.0,0.0,False,0.0,0.0,0.0,0.0,False,0.0,0.0,0.0,0.0,False,0.0,0.0,0.0,0.0,False,0.0,0.0,0.0,0.0,False,0.0,0.0,0.0,0.0,False,0.0,0.0,0,True
2026-09-02 09:00:00,31,D,0.0,0.0,False,0.0,0.0,0.0,0.0,False,0.0,0.0,0.0,0.0,False,0.0,0.0,0.0,0.0,False,0.0,0.0,0.0,0.0,False,0.0,0.0,0.0,0.0,False,0.0,0.0,0.0,0.0,False,0.0,0.0,0,True
2026-09-02 12:00:00,31,D,0.0,0.0,False,0.0,0.0,0.0,0.0,False,0.0,0.0,0.0,0.0,False,0.0,0.0,0.0,0.0,False,0.0,0.0,0.0,0.0,False,0.0,0.0,0.0,0.0,False,0.0,0.0,0.0,0.0,False,0.0,0.0,0,True
2026-09-02 15:00:00,31,D,0.0,0.0,False,0.0,0.0,0.0,0.0,False,0.0,0.0,0.0,0.0,False,0.0,0.0,0.0,0.0,False,0.0,0.0,0.0,0.0,False,0.0,0.0,0.0,0.0,False,0.0,0.0,0.0,0.0,False,0.0,0.0,0,True
2026-09-02 18:00:00,31,D,0.0,0.0,False,0.0,0.0,0.0,0.0,False,0.0,0.0,0.0,0.0,False,0.0,0.0,0.0,0.0,False,0.0,0.0,0.0,0.0,False,0.0,0.0,0.0,0.0,False,0.0,0.0,0.0,0.0,False,0.0,0.0,0,True
2026-09-02 21:00:00,31,D,0.0,0.0,False,0.0,0.0,0.0,0.0,False,0.0,0.0,0.0,0.0,False,0.0,0.0,0.0,0.0,False,0.0,0.0,0.0,0.0,False,0.0,0.0,0.0,0.0,False,0.0,0.0,0.0,0.0,False,0.0,0.0,0,True
2026-09-03 00:00:00,32,post,0.0,0.0,False,0.0,0.0,0.0,0.0,False,0.0,0.0,0.0,0.0,False,0.0,0.0,0.0,0.0,False,0.0,0.0,0.0,0.0,False,0.0,0.0,0.0,0.0,False,0.0,0.0,0.0,0.0,False,0.0,0.0,0,True
2026-09-03 03:00:00,32,post,0.0,0.0,False,0.0,0.0,0.0,0.0,False,0.0,0.0,0.0,0.0,False,0.0,0.0,0.0,0.0,False,0.0,0.0,0.0,0.0,False,0.0,0.0,0.0,0.0,False,0.0,0.0,0.0,0.0,False,0.0,0.0,0,True
2026-09-03 06:00:00,32,post,0.0,0.0,False,0.0,0.0,0.0,0.0,False,0.0,0.0,0.0,0.0,False,0.0,0.0,0.0,0.0,False,0.0,0.0,0.0,0.0,False,0.0,0.0,0.0,0.0,False,0.0,0.0,0.0,0.0,False,0.0,0.0,0,True
2026-09-03 09:00:00,32,post,0.0,0.0,False,0.0,0.0,0.0,0.0,False,0.0,0.0,0.0,0.0,False,0.0,0.0,0.0,0.0,False,0.0,0.0,0.0,0.0,False,0.0,0.0,0.0,0.0,False,0.0,0.0,0.0,0.0,False,0.0,0.0,0,True
2026-09-03 12:00:00,32,post,0.0,0.0,False,0.0,0.0,0.0,0.0,False,0.0,0.0,0.0,0.0,False,0.0,0.0,0.0,0.0,False,0.0,0.0,0.0,0.0,False,0.0,0.0,0.0,0.0,False,0.0,0.0,0.0,0.0,False,0.0,0.0,0,True
2026-09-03 15:00:00,32,post,0.0,0.0,False,0.0,0.0,0.0,0.0,False,0.0,0.0,0.0,0.0,False,0.0,0.0,0.0,0.0,False,0.0,0.0,0.0,0.0,False,0.0,0.0,0.0,0.0,False,0.0,0.0,0.0,0.0,False,0.0,0.0,0,True
2026-09-03 18:00:00,32,post,0.0,0.0,False,0.0,0.0,0.0,0.0,False,0.0,0.0,0.0,0.0,False,0.0,0.0,0.0,0.0,False,0.0,0.0,0.0,0.0,False,0.0,0.0,0.0,0.0,False,0.0,0.0,0.0,0.0,False,0.0,0.0,0,True
2026-09-03 21:00:00,32,post,0.0,0.0,False,0.0,0.0,0.0,0.0,False,0.0,0.0,0.0,0.0,False,0.0,0.0,0.0,0.0,False,0.0,0.0,0.0,0.0,False,0.0,0.0,0.0,0.0,False,0.0,0.0,0.0,0.0,False,0.0,0.0,0,True
2026-09-04 00:00:00,33,post,0.0,0.0,False,0.0,0.0,0.0,0.0,False,0.0,0.0,50.0,50.0,False,0.0,0.0,0.0,0.0,False,0.0,0.0,0.0,0.0,False,0.0,0.0,0.0,0.0,False,0.0,0.0,0.0,0.0,False,0.0,0.0,1,True
2026-09-04 03:00:00,33,post,0.0,0.0,False,0.0,0.0,0.0,0.0,False,0.0,0.0,0.0,0.0,False,0.0,0.0,0.0,0.0,False,0.0,0.0,0.0,0.0,False,0.0,0.0,0.0,0.0,False,0.0,0.0,0.0,0.0,False,0.0,0.0,0,True
2026-09-04 06:00:00,33,post,0.0,0.0,False,0.0,0.0,0.0,0.0,False,0.0,0.0,0.0,0.0,False,0.0,0.0,0.0,0.0,False,0.0,0.0,0.0,0.0,False,0.0,0.0,0.0,0.0,False,0.0,0.0,0.0,0.0,False,0.0,0.0,0,True
2026-09-04 09:00:00,33,post,0.0,0.0,False,0.0,0.0,0.0,0.0,False,0.0,0.0,0.0,0.0,False,0.0,0.0,0.0,0.0,False,0.0,0.0,0.0,0.0,False,0.0,0.0,0.0,0.0,False,0.0,0.0,0.0,0.0,False,0.0,0.0,0,True
2026-09-04 12:00:00,33,post,0.0,0.0,False,0.0,0.0,0.0,0.0,False,0.0,0.0,0.0,0.0,False,0.0,0.0,0.0,0.0,False,0.0,0.0,0.0,0.0,False,0.0,0.0,0.0,0.0,False,0.0,0.0,0.0,0.0,False,0.0,0.0,0,True
2026-09-04 15:00:00,33,post,0.0,0.0,False,0.0,0.0,0.0,0.0,False,0.0,0.0,0.0,0.0,False,0.0,0.0,50.0,50.0,False,0.0,0.0,0.0,0.0,False,0.0,0.0,0.0,0.0,False,0.0,0.0,0.0,0.0,False,0.0,0.0,1,True
2026-09-04 18:00:00,33,post,0.0,0.0,False,0.0,0.0,0.0,0.0,False,0.0,0.0,0.0,0.0,False,0.0,0.0,0.0,0.0,False,0.0,0.0,100.0,100.0,False,0.0,0.0,0.0,0.0,False,0.0,0.0,0.0,0.0,False,0.0,0.0,1,True
2026-09-04 21:00:00,33,post,0.0,0.0,False,0.0,0.0,0.0,0.0,False,0.0,0.0,0.0,0.0,False,0.0,0.0,0.0,0.0,False,0.0,0.0,0.0,0.0,False,0.0,0.0,1.0,1.0,False,0.0,1.0,0.0,0.0,False,0.0,0.0,1,False
2026-09-05 00:00:00,34,post,0.0,0.0,False,0.0,0.0,0.0,0.0,False,0.0,0.0,0.0,0.0,False,0.0,0.0,0.0,0.0,False,0.0,0.0,0.0,0.0,False,0.0,0.0,1.0,1.0,False,0.0,0.0,0.0,0.0,False,0.0,0.0,1,True
2026-09-05 03:00:00,34,post,0.0,0.0,False,0.0,0.0,0.0,0.0,False,0.0,0.0,0.0,0.0,False,0.0,0.0,0.0,0.0,False,0.0,0.0,0.0,0.0,False,0.0,0.0,0.0,0.0,False,0.0,0.0,0.0,0.0,False,0.0,0.0,0,True
2026-09-05 06:00:00,34,post,0.0,0.0,False,0.0,0.0,20.0,19.22608695652174,False,0.0,0.0,0.0,0.0,False,0.0,0.0,0.0,0.0,False,0.0,0.0,0.0,0.0,False,0.0,0.0,0.0,0.0,False,0.0,0.0,0.0,0.0,False,0.0,0.0,1,True
2026-09-05 09:00:00,34,post,0.0,0.0,False,0.0,0.0,0.0,0.0,False,0.0,0.0,0.0,0.0,False,0.0,0.0,0.0,0.0,False,0.0,0.0,0.0,0.0,False,0.0,0.0,0.0,0.0,False,0.0,0.0,0.0,0.0,False,0.0,0.0,0,True
2026-09-05 12:00:00,34,post,8.0,8.0,False,0.0,0.0,0.0,0.0,False,0.0,0.0,0.0,0.0,False,0.0,0.0,0.0,0.0,False,0.0,0.0,0.0,0.0,False,0.0,0.0,0.0,0.0,False,0.0,0.0,0.0,0.0,False,0.0,0.0,1,True
2026-09-05 15:00:00,34,post,5.0,5.0,False,0.0,0.0,0.0,0.0,False,0.0,0.0,0.0,0.0,False,0.0,0.0,0.0,0.0,False,0.0,0.0,0.0,0.0,False,0.0,0.0,0.0,0.0,False,0.0,0.0,0.0,0.0,False,0.0,0.0,1,True
2026-09-05 18:00:00,34,post,0.0,0.0,False,0.0,0.0,0.0,0.0,False,0.0,0.0,0.0,0.0,False,0.0,0.0,0.0,0.0,False,0.0,0.0,100.0,100.0,False,0.0,0.0,1.0,1.0,False,0.0,0.0,0.0,0.0,False,0.0,0.0,2,True
2026-09-05 21:00:00,34,post,0.0,0.0,False,0.0,0.0,0.0,0.0,False,0.0,0.0,0.0,0.0,False,0.0,0.0,0.0,0.0,False,0.0,0.0,0.0,0.0,False,0.0,0.0,0.0,0.0,False,0.0,0.0,1.0,1.0,False,0.0,1.0,1,False
2026-09-06 00:00:00,35,post,0.0,0.0,False,0.0,0.0,0.0,0.0,False,0.0,0.0,0.0,0.0,False,0.0,0.0,0.0,0.0,False,0.0,0.0,0.0,0.0,False,0.0,0.0,0.0,0.0,False,0.0,0.0,1.0,1.0,False,0.0,0.0,1,True
2026-09-06 03:00:00,35,post,0.0,0.0,False,0.0,0.0,0.0,0.0,False,0.0,0.0,0.0,0.0,False,0.0,0.0,0.0,0.0,False,0.0,0.0,0.0,0.0,False,0.0,0.0,0.0,0.0,False,0.0,0.0,0.0,0.0,False,0.0,0.0,0,True
2026-09-06 06:00:00,35,post,0.0,0.0,False,0.0,0.0,0.0,0.0,False,0.0,0.0,0.0,0.0,False,0.0,0.0,0.0,0.0,False,0.0,0.0,0.0,0.0,False,0.0,0.0,0.0,0.0,False,0.0,0.0,0.0,0.0,False,0.0,0.0,0,True
2026-09-06 09:00:00,35,post,6.0,6.0,False,0.0,0.0,5.0,4.643478260869565,False,0.0,0.0,100.0,100.0,False,0.0,0.0,0.0,0.0,False,0.0,0.0,50.0,50.0,False,0.0,0.0,0.0,0.0,False,0.0,0.0,0.0,0.0,False,0.0,0.0,4,True
2026-09-06 12:00:00,35,post,8.0,8.0,False,0.0,0.0,5.0,4.426086956521739,False,0.0,0.0,75.0,75.0,False,0.0,0.0,50.0,50.0,False,0.0,0.0,0.0,0.0,False,0.0,0.0,1.0,1.0,False,0.0,0.0,1.0,1.0,False,0.0,0.0,6,True
2026-09-06 15:00:00,35,post,6.0,6.0,False,0.0,0.0,20.0,19.14782608695652,False,0.0,0.0,25.0,25.0,False,0.0,0.0,50.0,50.0,False,0.0,0.0,100.0,100.0,False,0.0,0.0,1.0,1.0,False,0.0,0.0,1.0,1.0,False,0.0,0.0,7,True
2026-09-06 18:00:00,35,post,4.0,4.0,False,0.0,0.0,20.0,19.05217391304348,False,0.0,,0.0,0.0,False,0.0,0.0,0.0,0.0,False,0.0,0.0,50.0,50.0,False,0.0,0.0,1.0,1.0,False,0.0,0.0,0.0,0.0,False,0.0,0.0,4,True
2026-09-06 21:00:00,35,post,,,False,,,,,False,0.0,,,,False,,,,,False,,,,,False,,,,,False,,,,,False,,,0,True
