rule,start,end,minutes,peak,roof_max,side_max,shade_min,lights_max,open_delay_min,reaction,attribution,fog_during_s_per_min,fog_after_s_per_min
overtemp,2026-08-03 10:34:00,2026-08-03 11:08:00,35,46.5,100.0,100.0,,,29.0,as prescribed,ambiguous: opening may be the scheduled program,,
overtemp,2026-08-03 11:49:00,2026-08-03 15:50:00,242,51.1,100.0,100.0,,,27.0,as prescribed,ambiguous: opening may be the scheduled program,,
overtemp,2026-08-03 16:19:00,2026-08-03 16:52:00,34,46.1,0.0,0.0,,,,no reaction (vents never opened),clean evidence the rule did NOT act,,
overtemp,2026-08-04 12:59:00,2026-08-04 16:37:00,219,51.2,100.0,100.0,,,0.0,as prescribed,ambiguous: opening may be the scheduled program,,
overtemp,2026-08-04 16:48:00,2026-08-04 17:31:00,44,51.2,100.0,100.0,,,32.0,late (32 min),ambiguous: opening may be the scheduled program,,
overtemp,2026-08-04 17:41:00,2026-08-04 18:20:00,40,48.5,100.0,0.0,,,23.0,as prescribed,ambiguous: opening may be the scheduled program,,
overtemp,2026-08-05 11:10:00,2026-08-05 12:51:00,102,50.3,100.0,100.0,,,96.0,late (96 min),ambiguous: opening may be the scheduled program,,
overtemp,2026-08-05 13:10:00,2026-08-05 13:44:00,35,50.2,100.0,100.0,19.0,,29.0,as prescribed,ambiguous: opening may be the scheduled program,,
overtemp,2026-08-05 14:05:00,2026-08-05 18:14:00,250,52.2,0.0,100.0,0.0,,,no reaction (vents never opened),clean evidence the rule did NOT act,,
overtemp,2026-08-06 12:13:00,2026-08-06 13:45:00,93,50.6,100.0,100.0,0.0,,86.0,late (86 min),ambiguous: opening may be the scheduled program,,
overtemp,2026-08-06 14:03:00,2026-08-06 15:07:00,65,50.4,100.0,100.0,0.0,,57.0,late (57 min),ambiguous: opening may be the scheduled program,,
overtemp,2026-08-06 15:24:00,2026-08-06 16:10:00,47,51.1,100.0,100.0,0.0,,40.0,late (40 min),ambiguous: opening may be the scheduled program,,
overtemp,2026-08-06 16:29:00,2026-08-06 19:39:00,191,51.5,0.0,0.0,0.0,,,no reaction (vents never opened),clean evidence the rule did NOT act,,
overtemp,2026-08-07 11:21:00,2026-08-07 13:00:00,100,51.4,100.0,100.0,0.0,,92.0,late (92 min),ambiguous: opening may be the scheduled program,,
overtemp,2026-08-07 13:17:00,2026-08-07 13:53:00,37,50.2,100.0,100.0,0.0,,28.0,as prescribed,ambiguous: opening may be the scheduled program,,
overtemp,2026-08-07 14:06:00,2026-08-07 14:45:00,40,50.3,100.0,100.0,0.0,,27.0,as prescribed,ambiguous: opening may be the scheduled program,,
overtemp,2026-08-07 14:48:00,2026-08-07 15:35:00,48,50.8,100.0,100.0,0.0,,32.0,late (32 min),ambiguous: opening may be the scheduled program,,
overtemp,2026-08-07 15:49:00,2026-08-07 17:20:00,92,51.5,100.0,100.0,0.0,,28.0,as prescribed,ambiguous: opening may be the scheduled program,,
overtemp,2026-08-07 17:35:00,2026-08-07 18:29:00,55,50.8,100.0,100.0,0.0,10.0,43.0,late (43 min),ambiguous: opening may be the scheduled program,,
overtemp,2026-08-08 11:30:00,2026-08-08 12:18:00,49,49.3,75.0,0.0,0.0,0.0,,no reaction (vents never opened),clean evidence the rule did NOT act,,
overtemp,2026-08-08 13:35:00,2026-08-08 13:35:00,1,45.1,75.0,0.0,0.0,0.0,,no reaction (vents never opened),clean evidence the rule did NOT act,,
overtemp,2026-08-08 13:48:00,2026-08-08 13:52:00,5,45.1,75.0,0.0,0.0,0.0,,no reaction (vents never opened),clean evidence the rule did NOT act,,
overtemp,2026-08-08 13:54:00,2026-08-08 13:54:00,1,45.0,75.0,0.0,0.0,0.0,,no reaction (vents never opened),clean evidence the rule did NOT act,,
overtemp,2026-08-08 13:56:00,2026-08-08 13:57:00,2,45.1,75.0,0.0,0.0,0.0,,no reaction (vents never opened),clean evidence the rule did NOT act,,
overtemp,2026-08-08 14:05:00,2026-08-08 14:41:00,37,50.5,100.0,100.0,0.0,0.0,26.0,as prescribed,ambiguous: opening may be the scheduled program,,
overtemp,2026-08-08 14:45:00,2026-08-08 18:16:00,212,51.1,75.0,0.0,0.0,0.0,,no reaction (vents never opened),clean evidence the rule did NOT act,,
overtemp,2026-08-09 11:36:00,2026-08-09 13:50:00,135,51.1,100.0,100.0,0.0,0.0,75.0,late (75 min),ambiguous: opening may be the scheduled program,,
overtemp,2026-08-09 14:04:00,2026-08-09 14:40:00,37,50.2,100.0,100.0,0.0,0.0,28.0,as prescribed,ambiguous: opening may be the scheduled program,,
overtemp,2026-08-09 14:55:00,2026-08-09 15:11:00,17,47.0,100.0,0.0,0.0,0.0,9.0,as prescribed,ambiguous: opening may be the scheduled program,,
overtemp,2026-08-09 17:23:00,2026-08-09 18:12:00,50,49.3,25.0,0.0,0.0,0.0,,no reaction (vents never opened),clean evidence the rule did NOT act,,
overtemp,2026-08-10 11:32:00,2026-08-10 12:51:00,80,50.8,100.0,100.0,0.0,0.0,71.0,late (71 min),ambiguous: opening may be the scheduled program,,
overtemp,2026-08-10 13:02:00,2026-08-10 13:42:00,41,50.2,100.0,100.0,0.0,0.0,32.0,late (32 min),ambiguous: opening may be the scheduled program,,
overtemp,2026-08-10 13:55:00,2026-08-10 14:37:00,43,50.5,100.0,100.0,0.0,0.0,38.0,late (38 min),ambiguous: opening may be the scheduled program,,
overtemp,2026-08-10 14:56:00,2026-08-10 15:48:00,53,48.9,0.0,0.0,0.0,0.0,,no reaction (vents never opened),clean evidence the rule did NOT act,,
overtemp,2026-08-11 11:24:00,2026-08-11 15:02:00,219,52.0,100.0,100.0,0.0,0.0,150.0,late (150 min),ambiguous: opening may be the scheduled program,,
overtemp,2026-08-11 15:08:00,2026-08-11 19:49:00,282,51.1,100.0,100.0,0.0,0.0,24.0,as prescribed,ambiguous: opening may be the scheduled program,,
overtemp,2026-08-12 11:40:00,2026-08-12 15:16:00,217,51.4,100.0,100.0,0.0,0.0,209.0,late (209 min),ambiguous: opening may be the scheduled program,,
overtemp,2026-08-12 16:22:00,2026-08-12 16:22:00,1,45.0,0.0,0.0,0.0,0.0,,no reaction (vents never opened),clean evidence the rule did NOT act,,
overtemp,2026-08-12 16:26:00,2026-08-12 16:26:00,1,45.0,0.0,0.0,0.0,0.0,,no reaction (vents never opened),clean evidence the rule did NOT act,,
overtemp,2026-08-12 17:15:00,2026-08-12 18:21:00,67,46.7,0.0,0.0,0.0,0.0,,no reaction (vents never opened),clean evidence the rule did NOT act,,
overtemp,2026-08-13 11:09:00,2026-08-13 15:05:00,237,51.9,100.0,100.0,0.0,0.0,223.0,late (223 min),ambiguous: opening may be the scheduled program,,
overtemp,2026-08-13 15:14:00,2026-08-13 16:54:00,101,51.5,100.0,100.0,0.0,0.0,38.0,late (38 min),ambiguous: opening may be the scheduled program,,
overtemp,2026-08-13 17:09:00,2026-08-13 18:44:00,96,47.8,0.0,0.0,0.0,5.0,,no reaction (vents never opened),clean evidence the rule did NOT act,,
overtemp,2026-08-14 11:37:00,2026-08-14 11:47:00,11,45.0,0.0,0.0,0.0,8.0,,no reaction (vents never opened),clean evidence the rule did NOT act,,
overtemp,2026-08-14 11:49:00,2026-08-14 11:49:00,1,45.0,0.0,0.0,0.0,8.0,,no reaction (vents never opened),clean evidence the rule did NOT act,,
overtemp,2026-08-14 11:58:00,2026-08-14 14:24:00,147,50.7,100.0,100.0,0.0,8.0,46.0,late (46 min),ambiguous: opening may be the scheduled program,,
overtemp,2026-08-14 14:28:00,2026-08-14 15:13:00,46,50.9,100.0,100.0,0.0,5.0,26.0,as prescribed,ambiguous: opening may be the scheduled program,,
overtemp,2026-08-14 15:17:00,2026-08-14 16:40:00,84,51.4,100.0,100.0,0.0,5.0,23.0,as prescribed,ambiguous: opening may be the scheduled program,,
overtemp,2026-08-14 16:54:00,2026-08-14 19:39:00,166,49.9,0.0,0.0,0.0,5.0,,no reaction (vents never opened),clean evidence the rule did NOT act,,
overtemp,2026-08-15 10:38:00,2026-08-15 14:55:00,258,51.6,100.0,100.0,0.0,10.0,96.0,late (96 min),ambiguous: opening may be the scheduled program,,
overtemp,2026-08-15 15:08:00,2026-08-15 15:22:00,15,45.3,0.0,0.0,0.0,0.0,,no reaction (vents never opened),clean evidence the rule did NOT act,,
overtemp,2026-08-15 16:08:00,2026-08-15 16:21:00,14,45.6,0.0,0.0,0.0,0.0,,no reaction (vents never opened),clean evidence the rule did NOT act,,
overtemp,2026-08-16 14:34:00,2026-08-16 15:05:00,32,49.2,0.0,100.0,0.0,10.0,,no reaction (vents never opened),clean evidence the rule did NOT act,,
overtemp,2026-08-16 17:34:00,2026-08-16 18:09:00,36,47.2,100.0,0.0,0.0,0.0,30.0,as prescribed,ambiguous: opening may be the scheduled program,,
overtemp,2026-08-17 11:34:00,2026-08-17 12:08:00,35,48.7,100.0,0.0,0.0,10.0,30.0,as prescribed,ambiguous: opening may be the scheduled program,,
overtemp,2026-08-17 14:21:00,2026-08-17 14:51:00,31,50.3,100.0,100.0,0.0,0.0,23.0,as prescribed,ambiguous: opening may be the scheduled program,,
overtemp,2026-08-17 17:28:00,2026-08-17 18:04:00,37,47.4,100.0,100.0,0.0,0.0,36.0,late (36 min),ambiguous: opening may be the scheduled program,,
overtemp,2026-08-18 10:47:00,2026-08-18 12:06:00,80,49.8,0.0,0.0,0.0,10.0,,no reaction (vents never opened),clean evidence the rule did NOT act,,
overtemp,2026-08-18 14:33:00,2026-08-18 15:03:00,31,49.6,100.0,0.0,0.0,0.0,31.0,late (31 min),ambiguous: opening may be the scheduled program,,
overtemp,2026-08-18 17:23:00,2026-08-18 19:19:00,117,49.3,100.0,0.0,0.0,10.0,41.0,late (41 min),ambiguous: opening may be the scheduled program,,
overtemp,2026-08-19 11:34:00,2026-08-19 13:12:00,99,49.2,100.0,0.0,0.0,10.0,30.0,as prescribed,ambiguous: opening may be the scheduled program,,
overtemp,2026-08-19 13:28:00,2026-08-19 16:01:00,154,54.7,100.0,100.0,0.0,10.0,0.0,as prescribed,ambiguous: opening may be the scheduled program,,
overtemp,2026-08-19 16:08:00,2026-08-19 17:28:00,81,51.3,100.0,100.0,0.0,0.0,64.0,late (64 min),ambiguous: opening may be the scheduled program,,
overtemp,2026-08-20 11:07:00,2026-08-20 12:18:00,72,50.8,100.0,100.0,0.0,10.0,53.0,late (53 min),ambiguous: opening may be the scheduled program,,
overtemp,2026-08-20 12:53:00,2026-08-20 13:08:00,16,46.6,100.0,0.0,50.0,10.0,13.0,as prescribed,ambiguous: opening may be the scheduled program,,
overtemp,2026-08-20 14:15:00,2026-08-20 15:02:00,48,50.2,0.0,100.0,0.0,0.0,,no reaction (vents never opened),clean evidence the rule did NOT act,,
overtemp,2026-08-21 14:35:00,2026-08-21 15:08:00,34,49.1,75.0,50.0,0.0,0.0,,no reaction (vents never opened),clean evidence the rule did NOT act,,
overtemp,2026-08-21 17:54:00,2026-08-21 18:02:00,9,45.2,25.0,0.0,0.0,4.0,,no reaction (vents never opened),clean evidence the rule did NOT act,,
overtemp,2026-08-22 14:54:00,2026-08-22 15:03:00,10,45.8,25.0,0.0,0.0,2.0,,no reaction (vents never opened),clean evidence the rule did NOT act,,
overtemp,2026-08-23 14:31:00,2026-08-23 15:05:00,35,48.4,100.0,0.0,0.0,0.0,33.0,late (33 min),ambiguous: opening may be the scheduled program,,
overtemp,2026-08-25 14:32:00,2026-08-25 15:07:00,36,49.2,50.0,50.0,0.0,0.0,,no reaction (vents never opened),clean evidence the rule did NOT act,,
overtemp,2026-08-25 17:59:00,2026-08-25 18:02:00,4,45.1,100.0,100.0,0.0,4.0,5.0,as prescribed,ambiguous: opening may be the scheduled program,,
overtemp,2026-08-26 14:12:00,2026-08-26 15:08:00,57,49.0,50.0,100.0,0.0,2.0,,no reaction (vents never opened),clean evidence the rule did NOT act,,
overtemp,2026-08-27 12:41:00,2026-08-27 15:10:00,150,52.4,25.0,100.0,0.0,0.0,,no reaction (vents never opened),clean evidence the rule did NOT act,,
overtemp,2026-08-29 14:43:00,2026-08-29 15:21:00,39,47.9,0.0,0.0,0.0,0.0,,no reaction (vents never opened),clean evidence the rule did NOT act,,
overtemp,2026-08-30 14:22:00,2026-08-30 15:09:00,48,50.6,100.0,50.0,0.0,2.0,42.0,late (42 min),ambiguous: opening may be the scheduled program,,
overtemp,2026-08-31 14:22:00,2026-08-31 15:05:00,44,48.5,50.0,100.0,0.0,0.0,,no reaction (vents never opened),clean evidence the rule did NOT act,,
overtemp,2026-09-01 14:13:00,2026-09-01 14:26:00,14,45.1,0.0,0.0,0.0,0.0,,no reaction (vents never opened),clean evidence the rule did NOT act,,
overtemp,2026-09-01 16:56:00,2026-09-01 17:34:00,39,45.9,0.0,0.0,0.0,0.0,,no reaction (vents never opened),clean evidence the rule did NOT act,,
overtemp,2026-09-02 11:47:00,2026-09-02 18:25:00,399,49.7,0.0,0.0,0.0,0.0,,no reaction (vents never opened),clean evidence the rule did NOT act,,
overtemp,2026-09-03 13:12:00,2026-09-03 18:46:00,335,50.8,0.0,0.0,0.0,0.0,,no reaction (vents never opened),clean evidence the rule did NOT act,,
overtemp,2026-09-04 11:26:00,2026-09-04 16:33:00,308,54.3,0.0,50.0,0.0,0.0,,no reaction (vents never opened),clean evidence the rule did NOT act,,
overtemp,2026-09-04 16:38:00,2026-09-04 17:00:00,23,45.4,0.0,50.0,0.0,0.0,,no reaction (vents never opened),clean evidence the rule did NOT act,,
overtemp,2026-09-04 17:04:00,2026-09-04 19:02:00,119,49.8,0.0,0.0,0.0,0.0,,no reaction (vents never opened),clean evidence the rule did NOT act,,
overtemp,2026-09-05 12:12:00,2026-09-05 17:53:00,342,56.4,0.0,0.0,0.0,8.0,,no reaction (vents never opened),clean evidence the rule did NOT act,,
overtemp,2026-09-06 14:30:00,2026-09-06 15:07:00,38,50.1,25.0,50.0,0.0,6.0,,no reaction (vents never opened),clean evidence the rule did NOT act,,
overtemp,2026-09-07 11:42:00,2026-09-07 19:04:00,443,53.2,,,,,,no actuator data,clean evidence the rule did NOT act,,
condensation,2026-08-06 07:49:00,2026-08-06 10:45:00,177,100.0,,,,,,fog off,,12.3,0.0
condensation,2026-08-12 07:28:00,2026-08-12 09:32:00,125,100.0,,,,,,fog still on,,6.0,5.0
condensation,2026-08-17 07:43:00,2026-08-17 09:01:00,79,100.0,,,,,,fog off,,4.2,0.0
condensation,2026-08-18 08:28:00,2026-08-18 08:52:00,25,100.0,,,,,,fog off,,0.0,0.0
condensation,2026-08-20 22:46:00,2026-08-20 23:35:00,50,100.0,,,,,,fog off,,5.4,0.0
condensation,2026-08-23 22:18:00,2026-08-23 23:34:00,77,100.0,,,,,,fog off,,10.3,0.0
condensation,2026-08-24 07:28:00,2026-08-24 11:54:00,267,100.0,,,,,,fog still on,,9.1,3.0
condensation,2026-08-25 22:07:00,2026-08-25 23:21:00,75,100.0,,,,,,fog off,,13.6,0.0
condensation,2026-08-26 09:31:00,2026-08-26 10:19:00,49,100.0,,,,,,fog still on,,9.3,9.1
condensation,2026-08-26 10:35:00,2026-08-26 11:17:00,43,100.0,,,,,,fog off,,5.5,0.0
condensation,2026-08-26 22:18:00,2026-08-26 23:23:00,66,100.0,,,,,,fog off,,12.2,0.0
condensation,2026-09-05 06:37:00,2026-09-05 09:22:00,166,100.0,,,,,,fog off,,9.6,0.0
condensation,2026-09-06 19:00:00,2026-09-06 20:40:00,101,100.0,,,,,,no fog data,,18.9,
