_time,_value
2026-01-20T11:56:46.533Z,0
2026-01-20T12:02:20.031Z,0
2026-01-20T12:04:02.843Z,0
2026-01-20T12:06:05.884Z,0
2026-01-20T12:11:05.031Z,0
2026-01-20T12:12:31.011Z,0
2026-01-21T09:44:51Z,0
2026-01-21T09:45:16Z,0
2026-01-21T09:45:17Z,0
2026-01-21T09:45:28.412Z,0
2026-01-21T09:46:12.916Z,0
2026-01-21T10:18:46Z,0
2026-01-21T10:18:47Z,0
2026-01-21T10:19:21.618Z,0
2026-01-26T11:00:34Z,0
2026-01-26T11:01:14.606Z,0
2026-01-26T19:16:21Z,0
2026-01-26T19:16:54.907Z,0
2026-01-29T12:15:57.969Z,0
2026-02-12T09:03:34.867Z,0
2026-02-12T09:11:21.44Z,0
2026-02-12T10:06:47.529Z,0
2026-02-25T09:11:03Z,0
2026-02-25T13:51:33Z,0
2026-02-25T13:57:18Z,0
2026-02-25T13:57:20Z,0
2026-02-25T15:55:17Z,0
2026-03-03T12:41:58Z,0
2026-03-03T17:28:40Z,0
2026-03-03T17:28:50Z,0
2026-03-04T07:42:37Z,0
2026-03-06T07:25:38Z,1
2026-03-06T07:28:38Z,0
2026-03-12T09:25:03Z,1
2026-03-12T09:26:33Z,0
2026-03-12T15:10:41Z,1
2026-03-12T15:11:24Z,1
2026-03-12T15:11:26Z,0
2026-03-13T14:58:27Z,1
2026-03-13T14:59:57Z,0
2026-03-15T10:57:30Z,1
2026-03-15T10:59:00Z,0
2026-03-17T12:19:03Z,1
2026-03-17T12:20:42Z,0
2026-03-18T09:42:52Z,1
2026-03-18T09:46:03Z,0
2026-03-20T14:10:59Z,0
2026-03-26T09:23:35Z,1
2026-03-26T09:24:57Z,0
2026-03-30T12:44:10Z,0
2026-03-30T14:36:13Z,1
2026-03-30T14:37:03Z,0
2026-04-10T11:50:09Z,1
2026-04-10T11:50:20Z,0
2026-04-15T13:56:37Z,1
2026-04-15T14:25:07Z,0
2026-04-15T14:25:48Z,0
2026-04-16T07:53:53Z,1
2026-04-16T07:57:31Z,0
2026-04-16T18:03:15Z,0
2026-04-18T10:53:44Z,1
2026-04-18T11:02:37Z,0
2026-04-19T19:51:11Z,0
2026-04-20T08:26:35Z,0
2026-04-20T08:26:36Z,1
2026-04-20T08:29:31Z,0
2026-04-20T11:06:55Z,0
2026-04-20T11:12:33Z,0
2026-04-20T11:12:34Z,1
2026-04-20T11:15:29Z,0
2026-04-21T09:19:55Z,0
2026-04-23T09:08:52Z,0
2026-04-23T09:08:52.914Z,0
2026-04-23T09:08:53Z,1
2026-04-23T09:08:53.725Z,1
2026-04-23T09:09:01Z,0
2026-04-23T09:09:03.241Z,0
2026-04-23T09:13:21Z,0
2026-04-23T09:13:21.87Z,0
2026-04-23T09:13:22Z,1
2026-04-23T09:13:22.904Z,1
2026-04-23T09:16:22Z,0
2026-04-23T09:16:23.078Z,0
2026-04-23T10:33:33Z,0
2026-04-23T10:33:46Z,0
2026-04-23T10:34:33.598Z,0
2026-04-23T10:35:45.622Z,0
2026-04-23T10:38:14.369Z,0
2026-04-23T15:26:24Z,0
2026-04-23T15:26:26.338Z,0
2026-04-23T15:47:41Z,0
2026-04-23T15:47:42Z,1
2026-04-23T15:47:42.325Z,0
2026-04-23T15:47:43.155Z,1
2026-04-23T15:50:42Z,0
2026-04-23T15:50:42.825Z,0
2026-04-23T16:17:47Z,0
2026-04-23T16:17:49.513Z,0
2026-04-23T16:44:28Z,0
2026-04-23T16:44:28.7Z,0
2026-04-23T16:44:29Z,1
2026-04-23T16:44:29.561Z,1
2026-04-23T16:47:29Z,0
2026-04-23T16:47:29.41Z,0
2026-04-23T17:00:00Z,0
2026-04-23T17:00:01.759Z,0
2026-04-23T21:15:58.304Z,0
2026-04-24T09:20:24Z,0
2026-04-24T09:20:24.51Z,0
2026-04-24T09:20:25Z,1
2026-04-24T09:20:26.171Z,1
2026-04-24T09:23:25Z,0
2026-04-24T09:23:25.898Z,0
2026-04-24T10:03:16Z,0
2026-04-24T10:03:18.213Z,0
2026-04-24T10:33:53Z,0
2026-04-24T10:33:53.414Z,0
2026-04-24T10:33:54Z,1
2026-04-24T10:33:54.405Z,1
2026-04-24T10:36:54Z,0
2026-04-24T10:36:54.427Z,0
2026-04-24T11:17:13Z,0
2026-04-24T11:17:14.962Z,0
2026-04-24T11:35:19Z,0
2026-04-24T11:35:20Z,1
2026-04-24T11:35:20.083Z,0
2026-04-24T11:35:21.272Z,1
2026-04-24T11:38:20Z,0
2026-04-24T11:38:21.011Z,0
2026-04-24T12:47:09Z,0
2026-04-24T12:47:10.873Z,0
2026-04-24T13:08:56Z,0
2026-04-24T13:08:56.568Z,0
2026-04-24T13:08:57Z,1
2026-04-24T13:08:58.244Z,1
2026-04-24T13:11:57Z,0
2026-04-24T13:11:57.489Z,0
2026-04-24T13:25:20Z,0
2026-04-24T13:25:22.247Z,0
2026-04-24T14:19:55Z,0
2026-04-24T14:19:56Z,1
2026-04-24T14:19:56.251Z,0
2026-04-24T14:19:58.296Z,1
2026-04-24T14:22:56Z,0
2026-04-24T14:22:57.167Z,0
2026-04-24T14:30:38Z,0
2026-04-24T14:30:40.035Z,0
2026-04-24T15:33:54Z,0
2026-04-24T15:33:55Z,1
2026-04-24T15:33:57Z,0
2026-04-24T15:34:05.246Z,0
2026-04-24T15:34:05.795Z,0
2026-04-24T15:34:06.283Z,0
2026-04-24T15:34:06.781Z,0
2026-04-24T15:34:07.729Z,0
2026-04-24T15:34:08.271Z,0
2026-04-24T15:34:08.735Z,0
2026-04-24T15:34:09.275Z,0
2026-04-24T15:34:09.767Z,0
2026-04-24T15:34:10.262Z,0
2026-04-24T15:34:15.767Z,1
2026-04-24T15:34:16.17Z,1
2026-04-24T15:34:16.493Z,1
2026-04-24T15:34:16.803Z,1
2026-04-24T15:34:17.3Z,1
2026-04-24T15:34:17.835Z,1
2026-04-24T15:34:18.243Z,1
2026-04-24T15:34:26.053Z,0
2026-04-24T15:34:26.521Z,0
2026-04-24T15:34:26.824Z,0
2026-04-24T15:34:27.204Z,0
2026-04-24T15:34:27.535Z,0
2026-04-24T15:34:27.924Z,0
2026-04-26T10:52:15Z,0
2026-04-26T10:52:16Z,1
2026-04-26T10:52:16.21Z,0
2026-04-26T10:52:17.014Z,1
2026-04-26T10:55:16Z,0
2026-04-26T10:55:16.918Z,0
2026-04-26T11:32:30Z,0
2026-04-26T11:32:33.226Z,0
2026-04-26T11:56:11Z,0
2026-04-26T11:56:12Z,1
2026-04-26T11:56:13.502Z,0
2026-04-26T11:56:14.277Z,1
2026-04-26T11:59:12Z,0
2026-04-26T11:59:12.97Z,0
2026-04-26T13:06:09Z,0
2026-04-26T13:06:09.701Z,0
2026-04-26T13:34:25Z,0
2026-04-26T13:34:25.521Z,0
2026-04-26T13:34:26Z,1
2026-04-26T13:34:26.321Z,1
2026-04-26T13:37:26Z,0
2026-04-26T13:37:26.307Z,0
2026-04-26T15:02:41Z,0
2026-04-26T15:02:43.815Z,0
2026-04-26T15:21:11Z,0
2026-04-26T15:21:11.541Z,0
2026-04-26T15:21:12Z,1
2026-04-26T15:21:12.409Z,1
2026-04-26T15:24:12Z,0
2026-04-26T15:24:12.396Z,0
2026-04-26T16:22:45Z,0
2026-04-26T16:22:47.694Z,0
2026-04-26T16:54:27Z,0
2026-04-26T16:54:28Z,1
2026-04-26T16:54:28.054Z,0
2026-04-26T16:54:28.914Z,1
2026-04-26T16:57:28Z,0
2026-04-26T16:57:28.342Z,0
2026-04-26T17:02:22Z,0
2026-04-26T17:02:24.097Z,0
2026-04-26T17:42:12Z,0
2026-04-26T17:42:13Z,1
2026-04-26T17:42:13.982Z,0
2026-04-26T17:42:15.363Z,1
2026-04-26T17:45:13Z,0
2026-04-26T17:45:14.246Z,0
2026-04-26T17:51:24Z,0
2026-04-26T17:51:26.627Z,0
2026-04-27T08:32:02Z,0
2026-04-27T08:32:03Z,1
2026-04-27T08:32:05.841Z,0
2026-04-27T08:32:06.098Z,1
2026-04-27T08:35:03Z,0
2026-04-27T08:35:04.785Z,0
2026-04-27T08:40:06Z,0
2026-04-27T08:40:09.143Z,0
2026-04-27T08:58:12Z,0
2026-04-27T08:58:12.998Z,0
2026-04-27T08:58:13Z,1
2026-04-27T08:58:13.768Z,1
2026-04-27T09:01:13Z,0
2026-04-27T09:01:14.388Z,0
2026-04-27T09:08:04Z,0
2026-04-27T09:08:06.916Z,0
2026-04-27T09:23:50Z,0
2026-04-27T09:23:51Z,1
2026-04-27T09:23:51.359Z,0
2026-04-27T09:23:52.227Z,1
2026-04-27T09:26:51Z,0
2026-04-27T09:26:51.679Z,0
2026-04-27T09:47:29Z,0
2026-04-27T09:47:49.097Z,0
2026-04-27T10:04:48Z,0
2026-04-27T10:04:48.467Z,0
2026-04-27T10:04:49Z,1
2026-04-27T10:04:49.432Z,1
2026-04-27T10:07:49Z,0
2026-04-27T10:07:49.357Z,0
2026-04-27T10:22:23Z,0
2026-04-27T10:22:25.673Z,0
2026-04-27T10:34:56Z,0
2026-04-27T10:34:57Z,1
2026-04-27T10:34:57.267Z,0
2026-04-27T10:34:58.205Z,1
2026-04-27T10:37:57Z,0
2026-04-27T10:37:58.959Z,0
2026-04-27T16:46:11Z,0
2026-04-27T16:46:13.409Z,0
2026-04-27T17:01:11Z,0
2026-04-27T17:01:12Z,1
2026-04-27T17:01:12.499Z,0
2026-04-27T17:01:13.66Z,1
2026-04-27T17:04:12Z,0
2026-04-27T17:04:13.204Z,0
2026-04-27T17:39:16Z,0
2026-04-27T17:39:19.049Z,0
2026-04-28T10:25:05Z,0
2026-04-28T10:25:06Z,1
2026-04-28T10:25:10.449Z,0
2026-04-28T10:25:10.797Z,1
2026-04-28T10:28:06Z,0
2026-04-28T10:28:08.71Z,0
2026-04-28T10:38:50Z,0
2026-04-28T10:38:53.521Z,0
2026-04-28T10:55:51Z,0
2026-04-28T10:55:52Z,1
2026-04-28T10:55:52.696Z,0
2026-04-28T10:55:53.582Z,1
2026-04-28T10:58:52Z,0
2026-04-28T10:58:52.559Z,0
2026-04-28T17:50:25Z,0
2026-04-28T17:50:27.819Z,0
2026-04-29T07:46:25Z,0
2026-04-29T07:46:25.477Z,0
2026-04-29T07:46:26Z,1
2026-04-29T07:46:26.327Z,1
2026-04-29T07:49:26Z,0
2026-04-29T07:49:26.452Z,0
2026-04-29T07:57:52Z,0
2026-04-29T07:57:53.818Z,0
2026-04-29T08:13:56Z,0
2026-04-29T08:13:56.898Z,0
2026-04-29T08:13:57Z,1
2026-04-29T08:13:58.575Z,1
2026-04-29T08:16:57Z,0
2026-04-29T08:16:57.616Z,0
2026-04-29T08:57:19Z,0
2026-04-29T08:57:21.768Z,0
2026-04-29T09:13:28Z,0
2026-04-29T09:13:28.683Z,0
2026-04-29T09:13:29Z,1
2026-04-29T09:13:29.568Z,1
2026-04-29T09:16:29Z,0
2026-04-29T09:16:29.528Z,0
2026-04-29T18:03:34Z,0
2026-04-29T18:03:34.585Z,0
2026-04-30T07:52:07Z,0
2026-04-30T07:52:08Z,1
2026-04-30T07:52:10.145Z,0
2026-04-30T07:52:13.119Z,1
2026-04-30T07:55:08Z,0
2026-04-30T07:55:09.792Z,0
2026-04-30T08:51:14Z,0
2026-04-30T08:51:17.052Z,0
2026-04-30T08:56:11Z,0
2026-04-30T08:56:12Z,1
2026-04-30T08:56:12.691Z,0
2026-04-30T08:56:13.566Z,1
2026-04-30T08:59:12Z,0
2026-04-30T08:59:12.781Z,0
2026-04-30T18:00:00Z,0
2026-04-30T18:00:01.949Z,0
2026-04-30T18:00:08.238Z,0
2026-04-30T18:00:09.819Z,0
2026-05-01T09:22:59Z,0
2026-05-01T09:23:00Z,1
2026-05-01T09:23:01.749Z,0
2026-05-01T09:23:04.944Z,1
2026-05-01T09:26:00Z,0
2026-05-01T09:26:01.119Z,0
2026-05-01T15:53:05Z,0
2026-05-01T15:53:07.823Z,0
2026-05-01T16:24:34Z,0
2026-05-01T16:24:35Z,1
2026-05-01T16:24:37.611Z,0
2026-05-01T16:24:39.609Z,1
2026-05-01T16:27:35Z,0
2026-05-01T16:27:36.837Z,0
2026-05-01T16:42:49Z,0
2026-05-01T16:42:51.539Z,0
2026-05-02T10:04:02Z,0
2026-05-02T10:04:03Z,1
2026-05-02T10:04:05.561Z,0
2026-05-02T10:04:08.763Z,1
2026-05-02T10:07:03Z,0
2026-05-02T10:07:05.125Z,0
2026-05-02T12:11:07Z,0
2026-05-02T12:11:10.193Z,0
2026-05-02T13:51:45Z,0
2026-05-02T13:51:46Z,1
2026-05-02T13:51:47.722Z,0
2026-05-02T13:51:50.728Z,1
2026-05-02T13:54:46Z,0
2026-05-02T13:54:48.258Z,0
2026-05-02T15:02:31Z,0
2026-05-02T15:02:35.705Z,0
2026-05-02T15:40:09Z,0
2026-05-02T15:40:10Z,1
2026-05-02T15:40:11.939Z,0
2026-05-02T15:40:13.08Z,1
2026-05-02T15:43:10Z,0
2026-05-02T15:43:11.632Z,0
2026-05-02T16:35:20Z,0
2026-05-02T16:35:22.988Z,0
2026-05-03T10:19:25Z,0
2026-05-03T10:19:26Z,1
2026-05-03T10:19:28.051Z,0
2026-05-03T10:19:29.918Z,1
2026-05-03T10:22:26Z,0
2026-05-03T10:22:27.332Z,0
2026-05-03T17:33:32Z,0
2026-05-03T17:33:35.162Z,0
2026-05-03T19:45:28Z,0
2026-05-03T19:45:30Z,0
2026-05-03T19:46:29.198Z,0
2026-05-03T19:52:40Z,0
2026-05-03T19:52:42Z,0
2026-05-03T19:53:41.367Z,0
2026-05-03T19:55:43.928Z,0
2026-05-03T20:00:09.871Z,0
2026-05-04T09:55:43Z,0
2026-05-04T09:55:44Z,1
2026-05-04T09:55:47.322Z,0
2026-05-04T09:55:49.788Z,1
2026-05-04T09:58:44Z,0
2026-05-04T09:58:46.451Z,0
2026-05-04T18:00:00Z,0
2026-05-04T18:00:12.033Z,0
2026-05-04T20:26:02.833Z,0
2026-05-05T06:53:33Z,0
2026-05-05T06:53:34Z,1
2026-05-05T06:53:39.61Z,0
2026-05-05T06:53:41.108Z,1
2026-05-05T06:56:34Z,0
2026-05-05T06:56:35.719Z,0
2026-05-05T07:00:33Z,0
2026-05-05T07:00:35.681Z,0
2026-05-05T07:17:15Z,0
2026-05-05T07:17:16Z,1
2026-05-05T07:17:18.125Z,0
2026-05-05T07:17:21.67Z,1
2026-05-05T07:20:16Z,0
2026-05-05T07:20:17.516Z,0
2026-05-05T07:30:44Z,0
2026-05-05T07:30:47.737Z,0
2026-05-05T07:43:12Z,0
2026-05-05T07:43:13Z,1
2026-05-05T07:43:15.583Z,0
2026-05-05T07:43:17.467Z,1
2026-05-05T07:46:13Z,0
2026-05-05T07:46:15.309Z,0
2026-05-05T07:56:43Z,0
2026-05-05T07:56:47.73Z,0
2026-05-05T08:09:33Z,0
2026-05-05T08:09:34Z,1
2026-05-05T08:09:36.388Z,0
2026-05-05T08:09:37.751Z,1
2026-05-05T08:12:34Z,0
2026-05-05T08:12:35.742Z,0
2026-05-05T08:29:09Z,0
2026-05-05T08:29:12.504Z,0
2026-05-05T08:45:58Z,0
2026-05-05T08:45:59Z,1
2026-05-05T08:46:02.797Z,0
2026-05-05T08:46:05.785Z,1
2026-05-05T08:48:59Z,0
2026-05-05T08:49:00.338Z,0
2026-05-05T09:11:50Z,0
2026-05-05T09:11:53.276Z,0
2026-05-05T09:26:11Z,0
2026-05-05T09:26:12Z,1
2026-05-05T09:26:14.165Z,0
2026-05-05T09:26:15.94Z,1
2026-05-05T09:29:12Z,0
2026-05-05T09:29:14.064Z,0
2026-05-05T11:04:11Z,0
2026-05-05T11:04:12.056Z,0
2026-05-05T11:04:13Z,0
2026-05-05T11:04:16.382Z,0
2026-05-05T11:04:23Z,0
2026-05-05T11:04:23.692Z,0
2026-05-05T11:04:24Z,1
2026-05-05T11:04:24.556Z,1
2026-05-05T11:07:24Z,0
2026-05-05T11:07:24.667Z,0
2026-05-05T11:45:24Z,1
2026-05-05T11:45:25.35Z,1
2026-05-05T11:45:44Z,0
2026-05-05T11:45:45.325Z,0
2026-05-05T11:46:19Z,1
2026-05-05T11:46:20.306Z,1
2026-05-05T12:08:51Z,0
2026-05-05T12:08:51.839Z,0
2026-05-05T12:29:33Z,0
2026-05-05T12:29:33.851Z,0
2026-05-05T12:32:44Z,0
2026-05-05T12:32:45Z,1
2026-05-05T12:32:47.035Z,0
2026-05-05T12:32:47.538Z,1
2026-05-05T12:35:45Z,0
2026-05-05T12:35:45.502Z,0
2026-05-05T18:00:00Z,0
2026-05-05T18:00:14.299Z,0
2026-05-06T06:43:26Z,0
2026-05-06T06:43:27Z,1
2026-05-06T06:43:29.263Z,0
2026-05-06T06:43:30.512Z,1
2026-05-06T06:46:27Z,0
2026-05-06T06:46:27.849Z,0
2026-05-06T06:56:14Z,0
2026-05-06T06:56:20.282Z,0
2026-05-06T07:28:51Z,1
2026-05-06T07:28:51.958Z,1
2026-05-06T07:30:37Z,0
2026-05-06T07:30:37.739Z,0
2026-05-06T07:30:54Z,1
2026-05-06T07:30:54.886Z,1
2026-05-06T07:31:01Z,0
2026-05-06T07:31:05.873Z,0
2026-05-06T07:32:33Z,1
2026-05-06T07:32:34.119Z,1
2026-05-06T07:32:37Z,0
2026-05-06T07:32:38.206Z,0
2026-05-06T07:34:21Z,0
2026-05-06T07:34:22Z,1
2026-05-06T07:34:23.958Z,0
2026-05-06T07:34:24.611Z,1
2026-05-06T07:34:30Z,0
2026-05-06T07:34:30.488Z,0
2026-05-06T07:36:07Z,1
2026-05-06T07:36:07.81Z,1
2026-05-06T07:36:18Z,0
2026-05-06T07:36:18.743Z,0
2026-05-06T07:37:37Z,1
2026-05-06T07:37:39.467Z,1
2026-05-06T07:47:55Z,0
2026-05-06T07:47:57.027Z,0
2026-05-06T07:52:34Z,0
2026-05-06T07:52:35Z,1
2026-05-06T07:52:38.072Z,0
2026-05-06T07:52:39.914Z,1
2026-05-06T07:52:42Z,0
2026-05-06T07:52:42.99Z,0
2026-05-06T08:13:09.928Z,0
2026-05-06T08:15:38.085Z,0
2026-05-06T08:53:16Z,0
2026-05-06T08:53:17Z,1
2026-05-06T08:53:17.288Z,0
2026-05-06T08:53:17.546Z,1
2026-05-06T08:56:17Z,0
2026-05-06T08:56:17.402Z,0
2026-05-06T16:25:06.259Z,0
2026-05-06T18:00:00Z,0
2026-05-06T18:00:04.471Z,0
2026-05-07T05:00:00Z,0
2026-05-07T05:00:01Z,1
2026-05-07T05:00:02.345Z,0
2026-05-07T05:00:05.744Z,1
2026-05-07T05:03:01Z,0
2026-05-07T05:03:03.385Z,0
2026-05-07T07:51:38.199Z,0
2026-05-07T08:09:14Z,0
2026-05-07T08:09:15Z,1
2026-05-07T08:09:16Z,0
2026-05-07T08:09:16.496Z,0
2026-05-07T08:09:19.212Z,1
2026-05-07T08:09:21.265Z,0
2026-05-07T08:14:05Z,0
2026-05-07T08:14:05.87Z,0
2026-05-07T08:14:06Z,1
2026-05-07T08:14:06.692Z,1
2026-05-07T08:17:06Z,0
2026-05-07T08:17:06.571Z,0
2026-05-07T08:17:27Z,0
2026-05-07T08:17:27.775Z,0
2026-05-07T08:36:20Z,0
2026-05-07T08:36:21Z,1
2026-05-07T08:36:22.082Z,0
2026-05-07T08:36:22.653Z,1
2026-05-07T08:39:21Z,0
2026-05-07T08:39:22.252Z,0
2026-05-07T08:41:29Z,0
2026-05-07T08:41:29.864Z,0
2026-05-07T08:44:28Z,0
2026-05-07T08:44:30Z,0
2026-05-07T08:45:30.02Z,0
2026-05-07T09:03:38.902Z,0
2026-05-07T09:27:58.001Z,0
2026-05-07T09:28:01.3Z,1
2026-05-07T09:28:03.184Z,0
2026-05-07T10:42:08.386Z,0
2026-05-07T11:24:06.288Z,0
2026-05-07T11:47:32.887Z,0
2026-05-07T12:22:43Z,0
2026-05-07T12:22:44Z,1
2026-05-07T12:22:46.771Z,0
2026-05-07T12:22:47.371Z,1
2026-05-07T12:25:44Z,0
2026-05-07T12:25:45.211Z,0
2026-05-07T12:29:17Z,0
2026-05-07T12:29:18.717Z,0
2026-05-08T05:00:00Z,0
2026-05-08T05:00:01Z,1
2026-05-08T05:00:10.213Z,0
2026-05-08T05:00:11.147Z,1
2026-05-08T05:03:01Z,0
2026-05-08T05:03:03.456Z,0
2026-05-08T07:37:49Z,0
2026-05-08T07:37:51.609Z,0
2026-05-08T09:05:13Z,0
2026-05-08T09:05:14Z,1
2026-05-08T09:05:16Z,0
2026-05-08T09:05:21.854Z,0
2026-05-08T09:05:22.521Z,0
2026-05-08T09:05:23.089Z,0
2026-05-08T09:05:23.711Z,0
2026-05-08T09:05:24.288Z,0
2026-05-08T09:05:24.876Z,0
2026-05-08T09:05:29.772Z,1
2026-05-08T09:05:30.267Z,1
2026-05-08T09:05:30.666Z,1
2026-05-08T09:05:34.971Z,0
2026-05-08T09:05:35.56Z,0
2026-05-08T09:05:35.84Z,0
2026-05-08T13:11:47Z,1
2026-05-08T13:11:48.821Z,0
2026-05-08T13:11:50.959Z,1
2026-05-08T13:14:47Z,0
2026-05-08T13:14:48.816Z,0
2026-05-08T16:59:10Z,0
2026-05-08T16:59:12.607Z,0
2026-05-09T09:41:37Z,1
2026-05-09T09:41:39Z,0
2026-05-09T09:42:06.858Z,1
2026-05-09T09:42:07.323Z,1
2026-05-09T09:42:07.745Z,1
2026-05-09T09:42:08.136Z,1
2026-05-09T09:42:08.649Z,1
2026-05-09T09:42:21.565Z,0
2026-05-09T09:42:22.104Z,0
2026-05-09T09:42:22.526Z,0
2026-05-09T09:42:23.048Z,0
2026-05-09T11:21:39Z,0
2026-05-09T11:21:40Z,1
2026-05-09T11:21:42.51Z,0
2026-05-09T11:21:44.392Z,1
2026-05-09T11:24:40Z,0
2026-05-09T11:24:41.649Z,0
2026-05-09T15:19:17Z,0
2026-05-09T15:19:20.547Z,0
2026-05-09T16:15:34Z,0
2026-05-09T16:15:35Z,1
2026-05-09T16:15:36.145Z,0
2026-05-09T16:15:37.942Z,1
2026-05-09T16:18:35Z,0
2026-05-09T16:18:36.303Z,0
2026-05-09T16:32:48Z,0
2026-05-09T16:32:51.35Z,0
2026-05-09T16:58:17Z,0
2026-05-09T16:58:18Z,1
2026-05-09T16:58:20.109Z,0
2026-05-09T16:58:21.888Z,1
2026-05-09T17:01:18Z,0
2026-05-09T17:01:19.815Z,0
2026-05-09T17:14:29Z,0
2026-05-09T17:14:32.12Z,0
2026-05-09T17:37:56Z,0
2026-05-09T17:37:57Z,1
2026-05-09T17:37:58.609Z,0
2026-05-09T17:38:00.053Z,1
2026-05-09T17:40:57Z,0
2026-05-09T17:40:58.516Z,0
2026-05-09T17:52:53Z,0
2026-05-09T17:52:56.06Z,0
2026-05-10T07:00:48Z,0
2026-05-10T07:00:49Z,1
2026-05-10T07:00:50.347Z,0
2026-05-10T07:00:52.493Z,1
2026-05-10T07:03:49Z,0
2026-05-10T07:03:50.138Z,0
2026-05-10T07:13:39Z,0
2026-05-10T07:13:43.118Z,0
2026-05-10T07:28:21Z,0
2026-05-10T07:28:22Z,1
2026-05-10T07:28:23.48Z,0
2026-05-10T07:28:25.428Z,1
2026-05-10T07:31:22Z,0
2026-05-10T07:31:23.209Z,0
2026-05-10T12:21:40Z,0
2026-05-10T12:22:27.117Z,0
2026-05-10T12:22:27.507Z,0
2026-05-10T12:22:27.99Z,0
2026-05-10T12:22:28.407Z,0
2026-05-10T12:22:28.868Z,0
2026-05-10T12:22:29.487Z,0
2026-05-10T18:00:00Z,0
2026-05-10T18:00:02.092Z,0
2026-05-10T18:00:04.477Z,0
2026-05-10T18:00:06.489Z,0
2026-05-11T06:39:09Z,0
2026-05-11T06:39:10Z,1
2026-05-11T06:39:11.775Z,0
2026-05-11T06:39:13.994Z,1
2026-05-11T06:42:10Z,0
2026-05-11T06:42:11.992Z,0
2026-05-11T06:49:34Z,0
2026-05-11T06:49:36.426Z,0
2026-05-11T07:07:44Z,0
2026-05-11T07:07:45Z,1
2026-05-11T07:07:46.794Z,0
2026-05-11T07:07:48.422Z,1
2026-05-11T07:10:45Z,0
2026-05-11T07:10:47.12Z,0
2026-05-11T07:20:47Z,0
2026-05-11T07:20:49.43Z,0
2026-05-11T07:34:16Z,0
2026-05-11T07:34:17Z,1
2026-05-11T07:34:19.131Z,0
2026-05-11T07:34:20.932Z,1
2026-05-11T07:37:17Z,0
2026-05-11T07:37:18.841Z,0
2026-05-11T07:50:28Z,0
2026-05-11T07:50:30.503Z,0
2026-05-11T08:01:02Z,0
2026-05-11T08:01:03Z,1
2026-05-11T08:01:05.175Z,0
2026-05-11T08:01:06.253Z,1
2026-05-11T08:04:03Z,0
2026-05-11T08:04:05.041Z,0
2026-05-11T08:28:02Z,0
2026-05-11T08:28:05.828Z,0
2026-05-11T08:36:23Z,0
2026-05-11T08:36:24Z,1
2026-05-11T08:36:25.013Z,0
2026-05-11T08:36:25.977Z,1
2026-05-11T08:39:24Z,0
2026-05-11T08:39:25.103Z,0
2026-05-11T18:00:00Z,0
2026-05-11T18:00:02.749Z,0
2026-05-11T18:00:04.319Z,0
2026-05-11T18:00:15.28Z,0
2026-05-12T07:38:05Z,0
2026-05-12T07:38:06Z,1
2026-05-12T07:38:07.813Z,0
2026-05-12T07:38:09.712Z,1
2026-05-12T07:41:06Z,0
2026-05-12T07:41:07.477Z,0
2026-05-12T07:45:42Z,0
2026-05-12T07:45:44.475Z,0
2026-05-12T08:22:03Z,0
2026-05-12T08:22:04Z,1
2026-05-12T08:22:05.197Z,0
2026-05-12T08:22:07.131Z,1
2026-05-12T08:25:04Z,0
2026-05-12T08:25:11.534Z,0
2026-05-12T08:37:49Z,0
2026-05-12T08:37:50.965Z,0
2026-05-12T09:00:53Z,0
2026-05-12T09:00:54Z,1
2026-05-12T09:00:55.462Z,0
2026-05-12T09:00:57.432Z,1
2026-05-12T09:03:54Z,0
2026-05-12T09:03:55.563Z,0
2026-05-12T09:10:15Z,0
2026-05-12T09:10:18.032Z,0
2026-05-12T09:30:34Z,0
2026-05-12T09:30:35Z,1
2026-05-12T09:30:36.631Z,0
2026-05-12T09:30:38.079Z,1
2026-05-12T09:33:35Z,0
2026-05-12T09:33:36.411Z,0
2026-05-12T18:00:00Z,0
2026-05-12T18:00:02.617Z,0
2026-05-13T06:41:26Z,0
2026-05-13T06:41:27Z,1
2026-05-13T06:41:28.502Z,0
2026-05-13T06:41:30.557Z,1
2026-05-13T06:44:27Z,0
2026-05-13T06:44:29.113Z,0
2026-05-13T07:05:22Z,0
2026-05-13T07:05:24.928Z,0
2026-05-13T07:15:41Z,0
2026-05-13T07:15:42Z,1
2026-05-13T07:15:45.369Z,0
2026-05-13T07:15:46.836Z,1
2026-05-13T07:18:42Z,0
2026-05-13T07:18:44.134Z,0
2026-05-13T08:32:58Z,0
2026-05-13T08:33:01.529Z,0
2026-05-13T08:47:44Z,0
2026-05-13T08:47:45Z,1
2026-05-13T08:47:46.495Z,0
2026-05-13T08:47:48.584Z,1
2026-05-13T08:50:45Z,0
2026-05-13T08:50:46.941Z,0
2026-05-13T09:06:04Z,0
2026-05-13T09:06:06.512Z,0
2026-05-13T09:22:15Z,0
2026-05-13T09:22:16Z,1
2026-05-13T09:22:17.891Z,0
2026-05-13T09:22:19.662Z,1
2026-05-13T09:25:16Z,0
2026-05-13T09:25:18.096Z,0
2026-05-13T15:51:08Z,0
2026-05-13T15:51:10.785Z,0
2026-05-14T07:26:03Z,0
2026-05-14T07:26:04Z,1
2026-05-14T07:26:05.13Z,0
2026-05-14T07:26:06.925Z,1
2026-05-14T07:29:04Z,0
2026-05-14T07:29:05.378Z,0
2026-05-14T07:48:07Z,0
2026-05-14T07:48:10.485Z,0
2026-05-14T08:49:17Z,0
2026-05-14T08:49:18Z,1
2026-05-14T08:49:19.086Z,0
2026-05-14T08:49:21.008Z,1
2026-05-14T08:52:18Z,0
2026-05-14T08:52:19.48Z,0
2026-05-14T09:25:42Z,0
2026-05-14T09:25:43.209Z,0
2026-05-14T09:41:53Z,0
2026-05-14T09:41:54Z,1
2026-05-14T09:41:55.975Z,0
2026-05-14T09:41:57.492Z,1
2026-05-14T09:44:54Z,0
2026-05-14T09:44:55.507Z,0
2026-05-14T10:04:55Z,0
2026-05-14T10:04:56.862Z,0
2026-05-14T10:21:22Z,0
2026-05-14T10:21:23Z,1
2026-05-14T10:21:24.544Z,0
2026-05-14T10:21:25.491Z,1
2026-05-14T10:24:23Z,0
2026-05-14T10:24:24.394Z,0
2026-05-14T10:53:23Z,0
2026-05-14T10:53:25.115Z,0
2026-05-14T11:05:45Z,0
2026-05-14T11:05:46Z,1
2026-05-14T11:05:48.09Z,0
2026-05-14T11:05:48.588Z,1
2026-05-14T11:08:46Z,0
2026-05-14T11:08:48.36Z,0
2026-05-14T11:21:02Z,0
2026-05-14T11:21:04.572Z,0
2026-05-14T11:43:25Z,0
2026-05-14T11:43:26Z,1
2026-05-14T11:43:26.657Z,0
2026-05-14T11:43:27.6Z,1
2026-05-14T11:46:26Z,0
2026-05-14T11:46:26.977Z,0
2026-05-14T12:25:39Z,0
2026-05-14T12:25:42.18Z,0
2026-05-14T12:54:40Z,0
2026-05-14T12:54:41Z,1
2026-05-14T12:54:42.392Z,0
2026-05-14T12:54:43.838Z,1
2026-05-14T12:57:41Z,0
2026-05-14T12:57:42.466Z,0
2026-05-14T13:15:27Z,0
2026-05-14T13:15:29.948Z,0
2026-05-14T13:33:16Z,0
2026-05-14T13:33:17Z,1
2026-05-14T13:33:17.737Z,0
2026-05-14T13:33:19.123Z,1
2026-05-14T13:36:17Z,0
2026-05-14T13:36:18.177Z,0
2026-05-14T16:17:23Z,0
2026-05-14T16:17:26.882Z,0
2026-05-15T06:40:55Z,0
2026-05-15T06:40:55.528Z,0
2026-05-15T06:40:56Z,1
2026-05-15T06:40:56.516Z,1
2026-05-15T06:43:56Z,0
2026-05-15T06:43:56.458Z,0
2026-05-15T08:22:00Z,0
2026-05-15T08:22:02.301Z,0
2026-05-15T09:32:46Z,0
2026-05-15T09:32:47Z,1
2026-05-15T09:32:51.201Z,0
2026-05-15T09:32:53.977Z,1
2026-05-15T09:35:47Z,0
2026-05-15T09:35:48.594Z,0
2026-05-15T10:07:04Z,0
2026-05-15T10:07:06.846Z,0
2026-05-15T10:18:57Z,0
2026-05-15T10:18:58Z,1
2026-05-15T10:18:59.73Z,0
2026-05-15T10:19:00.81Z,1
2026-05-15T10:21:58Z,0
2026-05-15T10:22:00.105Z,0
2026-05-15T11:36:25Z,0
2026-05-15T11:36:28.774Z,0
2026-05-15T11:53:08Z,0
2026-05-15T11:53:09Z,1
2026-05-15T11:53:10.723Z,0
2026-05-15T11:53:12.275Z,1
2026-05-15T11:56:09Z,0
2026-05-15T11:56:10.293Z,0
2026-05-15T12:08:37Z,0
2026-05-15T12:08:42.011Z,0
2026-05-15T12:35:01Z,0
2026-05-15T12:35:02Z,1
2026-05-15T12:35:12.102Z,0
2026-05-15T12:35:13.77Z,1
2026-05-15T12:38:02Z,0
2026-05-15T12:38:06.514Z,0
2026-05-15T12:47:05Z,0
2026-05-15T12:47:09.826Z,0
2026-05-16T10:21:28Z,0
2026-05-16T10:21:29Z,1
2026-05-16T10:21:31.228Z,0
2026-05-16T10:21:32.614Z,1
2026-05-16T10:24:29Z,0
2026-05-16T10:24:29.845Z,0
2026-05-16T10:36:24Z,0
2026-05-16T10:36:26.742Z,0
2026-05-16T10:57:03Z,0
2026-05-16T10:57:04Z,1
2026-05-16T10:57:05.501Z,0
2026-05-16T10:57:08.702Z,1
2026-05-16T11:00:04Z,0
2026-05-16T11:00:12.803Z,0
2026-05-16T11:15:44Z,0
2026-05-16T11:15:47.779Z,0
2026-05-16T11:32:17Z,0
2026-05-16T11:32:18Z,1
2026-05-16T11:32:20.162Z,0
2026-05-16T11:32:21.399Z,1
2026-05-16T11:35:18Z,0
2026-05-16T11:35:19.482Z,0
2026-05-16T11:47:52Z,0
2026-05-16T11:47:55.195Z,0
2026-05-16T12:07:13Z,0
2026-05-16T12:07:14Z,1
2026-05-16T12:07:15.915Z,0
2026-05-16T12:07:17.418Z,1
2026-05-16T12:10:14Z,0
2026-05-16T12:10:15.29Z,0
2026-05-16T16:31:16Z,0
2026-05-16T16:31:19.059Z,0
2026-05-17T07:14:14Z,0
2026-05-17T07:14:15Z,1
2026-05-17T07:14:17.707Z,0
2026-05-17T07:14:20.436Z,1
2026-05-17T07:17:15Z,0
2026-05-17T07:17:16.663Z,0
2026-05-17T07:28:24Z,0
2026-05-17T07:28:29.143Z,0
2026-05-17T08:42:13Z,0
2026-05-17T08:42:14Z,1
2026-05-17T08:42:16.379Z,0
2026-05-17T08:42:18.102Z,1
2026-05-17T08:45:14Z,0
2026-05-17T08:45:16.234Z,0
2026-05-17T09:08:02Z,0
2026-05-17T09:08:06.598Z,0
2026-05-17T09:20:55Z,0
2026-05-17T09:20:56Z,1
2026-05-17T09:20:59.59Z,0
2026-05-17T09:21:00.877Z,1
2026-05-17T09:23:56Z,0
2026-05-17T09:23:57.586Z,0
2026-05-17T09:30:33Z,0
2026-05-17T09:30:36.419Z,0
2026-05-17T10:02:55Z,1
2026-05-17T10:02:56.167Z,0
2026-05-17T10:02:58.193Z,1
2026-05-17T10:05:56Z,0
2026-05-17T10:05:57.083Z,0
2026-05-17T11:19:20Z,0
2026-05-17T11:19:23.206Z,0
2026-05-17T11:32:46Z,0
2026-05-17T11:32:47Z,1
2026-05-17T11:32:49.139Z,0
2026-05-17T11:32:52.247Z,1
2026-05-17T11:35:47Z,0
2026-05-17T11:35:48.049Z,0
2026-05-17T13:08:37Z,0
2026-05-17T13:08:42.73Z,0
2026-05-17T13:25:40Z,0
2026-05-17T13:25:41Z,1
2026-05-17T13:25:42.676Z,0
2026-05-17T13:25:44.474Z,1
2026-05-17T13:28:41Z,0
2026-05-17T13:28:42.626Z,0
2026-05-17T13:50:14Z,0
2026-05-17T13:50:18.429Z,0
2026-05-18T08:58:20Z,0
2026-05-18T08:58:21Z,1
2026-05-18T08:58:23.949Z,0
2026-05-18T08:58:26.729Z,1
2026-05-18T09:01:21Z,0
2026-05-18T09:01:22.53Z,0
2026-05-18T10:12:39Z,0
2026-05-18T10:13:05.121Z,0
2026-05-18T10:30:09Z,0
2026-05-18T10:30:10Z,1
2026-05-18T10:30:11.852Z,0
2026-05-18T10:30:13.217Z,1
2026-05-18T10:33:09Z,0
2026-05-18T10:33:09.752Z,0
2026-05-18T12:31:53Z,0
2026-05-18T12:31:54Z,1
2026-05-18T12:31:55.935Z,0
2026-05-18T12:31:57.416Z,1
2026-05-18T12:34:52Z,0
2026-05-18T12:34:53.283Z,0
2026-05-18T18:00:00Z,0
2026-05-18T18:00:15.461Z,0
2026-05-18T18:00:16.888Z,0
2026-05-18T18:00:18.726Z,0
2026-05-18T21:18:47.579Z,0
2026-05-19T06:53:04Z,0
2026-05-19T06:53:05Z,1
2026-05-19T06:53:07.888Z,0
2026-05-19T06:53:09.763Z,1
2026-05-19T06:56:05Z,0
2026-05-19T06:56:08.355Z,0
2026-05-19T07:05:49Z,0
2026-05-19T07:05:53.547Z,0
2026-05-19T07:20:10Z,0
2026-05-19T07:20:11Z,1
2026-05-19T07:20:14.448Z,0
2026-05-19T07:20:16.077Z,1
2026-05-19T07:23:11Z,0
2026-05-19T07:23:12.379Z,0
2026-05-19T07:39:49Z,0
2026-05-19T07:39:54.831Z,0
2026-05-19T08:12:31Z,0
2026-05-19T08:12:32Z,1
2026-05-19T08:12:33.966Z,0
2026-05-19T08:12:35.876Z,1
2026-05-19T08:15:32Z,0
2026-05-19T08:15:33.675Z,0
2026-05-19T18:00:00Z,0
2026-05-19T18:00:15.578Z,0
2026-05-19T18:25:04Z,0
2026-05-19T18:25:05Z,1
2026-05-19T18:25:13.037Z,0
2026-05-19T18:25:14.071Z,1
2026-05-19T18:28:05Z,0
2026-05-19T18:28:06.279Z,0
2026-05-19T18:54:13Z,0
2026-05-19T18:54:15.582Z,0
2026-05-20T10:40:57Z,0
2026-05-20T10:40:57.655Z,0
2026-05-20T10:40:58Z,1
2026-05-20T10:40:58.561Z,1
2026-05-20T10:43:58Z,0
2026-05-20T10:43:58.684Z,0
2026-05-20T14:44:27Z,0
2026-05-20T14:44:29.077Z,0
2026-05-20T15:12:07Z,0
2026-05-20T15:12:08Z,1
2026-05-20T15:12:08.142Z,0
2026-05-20T15:12:11.078Z,1
2026-05-20T15:13:38Z,0
2026-05-20T15:13:39.045Z,0
2026-05-20T18:00:00Z,0
2026-05-20T18:00:09Z,0
2026-05-20T18:00:10Z,1
2026-05-20T18:00:12.932Z,0
2026-05-20T18:00:18Z,0
2026-05-20T18:00:23.395Z,0
2026-05-20T18:00:28.507Z,1
2026-05-20T18:00:31.854Z,0
2026-05-20T18:38:09Z,0
2026-05-20T18:38:11.91Z,0
2026-05-21T06:49:47Z,0
2026-05-21T06:49:48Z,1
2026-05-21T06:49:48.269Z,0
2026-05-21T06:49:49.391Z,1
2026-05-21T06:51:18Z,0
2026-05-21T06:51:20.046Z,0
2026-05-21T07:11:43Z,0
2026-05-21T07:11:44.313Z,0
2026-05-21T13:13:40Z,0
2026-05-21T13:13:41Z,1
2026-05-21T13:13:41.942Z,0
2026-05-21T13:13:44.691Z,1
2026-05-21T13:15:11Z,0
2026-05-21T13:15:14.795Z,0
2026-05-21T13:35:34Z,0
2026-05-21T13:35:37.451Z,0
2026-05-21T13:36:50Z,0
2026-05-21T13:36:51Z,1
2026-05-21T13:36:52.829Z,0
2026-05-21T13:36:55.192Z,1
2026-05-21T13:37:18Z,0
2026-05-21T13:37:20.471Z,0
2026-05-21T13:39:09Z,0
2026-05-21T13:39:10Z,1
2026-05-21T13:39:11.165Z,0
2026-05-21T13:39:13.631Z,1
2026-05-21T13:39:41Z,0
2026-05-21T13:39:43.531Z,0
2026-05-21T13:41:37Z,0
2026-05-21T13:41:38Z,1
2026-05-21T13:41:38.164Z,0
2026-05-21T13:41:39.401Z,1
2026-05-21T13:41:45Z,0
2026-05-21T13:41:46.109Z,0
2026-05-21T13:43:34Z,0
2026-05-21T13:43:35Z,1
2026-05-21T13:43:36.29Z,0
2026-05-21T13:43:39.562Z,1
2026-05-21T13:44:07Z,0
2026-05-21T13:44:10.536Z,0
2026-05-21T13:44:40Z,0
2026-05-21T13:44:41Z,1
2026-05-21T13:44:41.774Z,0
2026-05-21T13:44:43.883Z,1
2026-05-21T13:46:11Z,0
2026-05-21T13:46:12.666Z,0
2026-05-21T14:02:06Z,0
2026-05-21T14:02:09.236Z,0
2026-05-21T14:02:49Z,0
2026-05-21T14:02:50Z,1
2026-05-21T14:02:52.616Z,0
2026-05-21T14:02:55.875Z,1
2026-05-21T14:03:11Z,0
2026-05-21T14:03:13.492Z,0
2026-05-21T14:03:34Z,0
2026-05-21T14:03:35Z,1
2026-05-21T14:03:35.636Z,0
2026-05-21T14:03:38.385Z,1
2026-05-21T14:04:18Z,0
2026-05-21T14:04:18.39Z,0
2026-05-21T14:05:45Z,0
2026-05-21T14:05:47.48Z,0
2026-05-21T14:14:32Z,0
2026-05-21T14:14:33Z,1
2026-05-21T14:14:33.89Z,0
2026-05-21T14:14:34.464Z,1
2026-05-21T14:15:05Z,0
2026-05-21T14:15:14.35Z,0
2026-05-21T14:17:10Z,0
2026-05-21T14:17:11Z,1
2026-05-21T14:17:12.728Z,0
2026-05-21T14:17:13.246Z,1
2026-05-21T14:18:26Z,0
2026-05-21T14:18:28.661Z,0
2026-05-21T14:18:53Z,0
2026-05-21T14:18:54Z,1
2026-05-21T14:18:55.395Z,0
2026-05-21T14:18:57.64Z,1
2026-05-21T14:19:21Z,0
2026-05-21T14:19:23.772Z,0
2026-05-21T14:20:16Z,0
2026-05-21T14:20:17Z,1
2026-05-21T14:20:19.122Z,0
2026-05-21T14:20:20.21Z,1
2026-05-21T14:21:21Z,0
2026-05-21T14:21:23.474Z,0
2026-05-21T14:31:16Z,0
2026-05-21T14:31:17Z,1
2026-05-21T14:31:20.241Z,0
2026-05-21T14:31:21.755Z,1
2026-05-21T14:31:38Z,0
2026-05-21T14:31:41.693Z,0
2026-05-21T14:32:06Z,0
2026-05-21T14:32:07Z,1
2026-05-21T14:32:08.074Z,0
2026-05-21T14:32:09.147Z,1
2026-05-21T14:32:34Z,0
2026-05-21T14:32:37.911Z,0
2026-05-21T14:33:51Z,0
2026-05-21T14:33:52Z,1
2026-05-21T14:33:52.576Z,0
2026-05-21T14:33:53.66Z,1
2026-05-21T14:35:22Z,0
2026-05-21T14:35:22.999Z,0
2026-05-21T14:35:34Z,0
2026-05-21T14:35:38.602Z,0
2026-05-21T14:36:07Z,0
2026-05-21T14:36:08Z,1
2026-05-21T14:36:09.03Z,0
2026-05-21T14:36:09.867Z,1
2026-05-21T14:36:40Z,0
2026-05-21T14:36:40.379Z,0
2026-05-21T14:44:08Z,0
2026-05-21T14:44:09.647Z,0
2026-05-21T14:45:42Z,0
2026-05-21T14:45:43Z,1
2026-05-21T14:45:43.426Z,0
2026-05-21T14:45:45.08Z,1
2026-05-21T14:46:10Z,0
2026-05-21T14:46:11.076Z,0
2026-05-22T07:35:44Z,0
2026-05-22T07:35:44.721Z,0
2026-05-22T07:35:45Z,1
2026-05-22T07:35:45.516Z,1
2026-05-22T07:37:15Z,0
2026-05-22T07:37:15.553Z,0
2026-05-22T07:58:13Z,0
2026-05-22T07:58:14.162Z,0
2026-05-22T10:13:06Z,0
2026-05-22T10:13:07Z,1
2026-05-22T10:13:07.517Z,0
2026-05-22T10:13:08.414Z,1
2026-05-22T10:14:37Z,0
2026-05-22T10:14:39.3Z,0
2026-05-22T11:16:57Z,0
2026-05-22T11:16:58.186Z,0
2026-05-22T11:41:00Z,0
2026-05-22T11:41:01Z,1
2026-05-22T11:41:03.646Z,0
2026-05-22T11:41:05.867Z,1
2026-05-22T11:42:31Z,0
2026-05-22T11:42:33.805Z,0
2026-05-22T12:04:12Z,0
2026-05-22T12:04:13.588Z,0
2026-05-22T12:30:26Z,0
2026-05-22T12:30:27Z,1
2026-05-22T12:30:28.775Z,0
2026-05-22T12:30:30.314Z,1
2026-05-22T12:31:57Z,0
2026-05-22T12:31:58.261Z,0
2026-05-22T15:43:43Z,0
2026-05-22T15:43:45.183Z,0
2026-05-23T09:32:56Z,0
2026-05-23T09:32:57Z,1
2026-05-23T09:32:59.943Z,0
2026-05-23T09:33:01.048Z,1
2026-05-23T09:34:27Z,0
2026-05-23T09:34:27.975Z,0
2026-05-23T10:18:31Z,0
2026-05-23T10:18:31.598Z,0
2026-05-23T11:31:43Z,0
2026-05-23T11:31:44Z,1
2026-05-23T11:31:44.614Z,0
2026-05-23T11:31:45.494Z,1
2026-05-23T11:33:14Z,0
2026-05-23T11:33:14.343Z,0
2026-05-23T11:58:55Z,0
2026-05-23T11:58:57.489Z,0
2026-05-23T12:20:54Z,0
2026-05-23T12:20:55Z,1
2026-05-23T12:20:55.814Z,0
2026-05-23T12:20:56.634Z,1
2026-05-23T12:22:25Z,0
2026-05-23T12:22:26.729Z,0
2026-05-23T12:22:29Z,0
2026-05-23T12:22:30.507Z,0
2026-05-23T13:19:02Z,0
2026-05-23T13:19:03Z,1
2026-05-23T13:19:04.354Z,0
2026-05-23T13:19:05.866Z,1
2026-05-23T13:20:33Z,0
2026-05-23T13:20:33.904Z,0
2026-05-23T14:08:20Z,0
2026-05-23T14:08:21.029Z,0
2026-05-23T15:18:09Z,0
2026-05-23T15:18:09.962Z,0
2026-05-23T15:18:10Z,1
2026-05-23T15:18:10.946Z,1
2026-05-23T15:19:40Z,0
2026-05-23T15:19:40.787Z,0
2026-05-23T16:05:13Z,0
2026-05-23T16:05:14Z,0
2026-05-23T16:05:25.872Z,0
2026-05-23T16:05:26.498Z,0
2026-05-23T16:05:27.508Z,0
2026-05-23T16:05:28.284Z,0
2026-05-23T16:05:29.311Z,0
2026-05-23T16:05:30.034Z,0
2026-05-23T16:05:30.634Z,0
2026-05-23T16:05:31.256Z,0
2026-05-23T16:05:31.863Z,0
2026-05-23T16:05:32.864Z,0
2026-05-23T16:05:33.603Z,0
2026-05-23T16:05:34.282Z,0
2026-05-23T16:05:34.935Z,0
2026-05-23T16:05:35.564Z,0
2026-05-23T16:05:36.177Z,0
2026-05-23T16:05:37.208Z,0
2026-05-23T16:20:21Z,0
2026-05-23T16:20:22Z,1
2026-05-23T16:20:23.856Z,0
2026-05-23T16:20:24.017Z,1
2026-05-23T16:21:52Z,0
2026-05-23T16:21:53.233Z,0
2026-05-23T17:38:49Z,0
2026-05-23T17:38:50.796Z,0
2026-05-24T10:01:29Z,0
2026-05-24T10:01:30Z,1
2026-05-24T10:01:30.446Z,0
2026-05-24T10:01:31.023Z,1
2026-05-24T10:03:00Z,0
2026-05-24T10:03:02.172Z,0
2026-05-24T14:18:39Z,0
2026-05-24T14:18:41.845Z,0
2026-05-24T14:55:46Z,0
2026-05-24T14:55:47Z,1
2026-05-24T14:55:49.131Z,0
2026-05-24T14:55:51.445Z,1
2026-05-24T14:57:17Z,0
2026-05-24T14:57:17.518Z,0
2026-05-24T16:19:06Z,0
2026-05-24T16:19:07Z,0
2026-05-24T16:19:07.44Z,0
2026-05-24T16:19:08.07Z,0
2026-05-24T16:19:09.086Z,0
2026-05-24T16:19:10.234Z,0
2026-05-24T16:19:11.339Z,0
2026-05-24T16:19:12.013Z,0
2026-05-24T16:19:12.595Z,0
2026-05-24T16:19:13.187Z,0
2026-05-24T16:19:14.43Z,0
2026-05-24T16:19:14.963Z,0
2026-05-24T16:19:15.656Z,0
2026-05-24T16:19:16.651Z,0
2026-05-24T16:19:17.732Z,0
2026-05-24T16:19:18.426Z,0
2026-05-24T16:19:20.455Z,0
2026-05-24T16:19:21.038Z,0
2026-05-24T16:19:21.637Z,0
2026-05-24T16:19:22.271Z,0
2026-05-24T16:19:22.861Z,0
2026-05-24T16:19:23.422Z,0
2026-05-24T16:19:23.991Z,0
2026-05-24T16:19:24.557Z,0
2026-05-24T16:19:25.626Z,0
2026-05-24T16:19:26.117Z,0
2026-05-24T16:34:30Z,0
2026-05-24T16:34:31Z,1
2026-05-24T16:34:33.03Z,0
2026-05-24T16:34:33.152Z,1
2026-05-24T16:36:01Z,0
2026-05-24T16:36:02.713Z,0
2026-05-24T17:54:12Z,0
2026-05-24T17:54:15.382Z,0
2026-05-25T06:59:14Z,0
2026-05-25T06:59:15Z,1
2026-05-25T06:59:15.112Z,0
2026-05-25T06:59:16.09Z,1
2026-05-25T07:00:45Z,0
2026-05-25T07:00:46.206Z,0
2026-05-25T08:14:46Z,0
2026-05-25T08:14:46.891Z,0
2026-05-25T08:32:51Z,0
2026-05-25T08:32:52Z,1
2026-05-25T08:32:53.718Z,0
2026-05-25T08:32:54.193Z,1
2026-05-25T08:34:22Z,0
2026-05-25T08:34:22.827Z,0
2026-05-25T08:42:21Z,0
2026-05-25T08:42:23.559Z,0
2026-05-25T08:42:30Z,0
2026-05-25T08:42:31.02Z,0
2026-05-25T09:25:37Z,0
2026-05-25T09:25:38.375Z,0
2026-05-26T06:32:46Z,0
2026-05-26T06:32:47Z,1
2026-05-26T06:32:48.074Z,0
2026-05-26T06:32:49.994Z,1
2026-05-26T06:34:17Z,0
2026-05-26T06:34:17.516Z,0
2026-05-26T06:49:11Z,0
2026-05-26T06:49:14.292Z,0
2026-05-26T06:52:38Z,0
2026-05-26T06:52:38.9Z,0
2026-05-26T06:52:39Z,1
2026-05-26T06:52:40.113Z,1
2026-05-26T06:54:09Z,0
2026-05-26T06:54:10.852Z,0
2026-05-26T07:56:07Z,0
2026-05-26T07:56:08Z,0
2026-05-26T07:56:17.085Z,0
2026-05-26T07:56:17.808Z,0
2026-05-26T07:56:19.013Z,0
2026-05-26T07:56:19.614Z,0
2026-05-26T07:56:20.302Z,0
2026-05-26T07:56:21.356Z,0
2026-05-26T07:56:22.458Z,0
2026-05-26T07:56:23.148Z,0
2026-05-26T07:56:23.751Z,0
2026-05-26T07:56:24.747Z,0
2026-05-26T07:56:25.446Z,0
2026-05-26T07:56:26.576Z,0
2026-05-26T07:56:27.226Z,0
2026-05-26T07:56:28.433Z,0
2026-05-26T08:39:38Z,0
2026-05-26T08:39:39Z,1
2026-05-26T08:39:39.097Z,0
2026-05-26T08:39:40.052Z,1
2026-05-26T08:41:09Z,0
2026-05-26T08:41:11.042Z,0
2026-05-26T09:00:00Z,0
2026-05-26T09:00:00.463Z,0
2026-05-26T11:20:33Z,0
2026-05-26T11:20:33.892Z,0
2026-05-26T11:35:33Z,0
2026-05-26T11:35:33.751Z,0
2026-05-26T11:35:34Z,1
2026-05-26T11:35:34.681Z,1
2026-05-26T11:37:04Z,0
2026-05-26T11:37:05.518Z,0
2026-05-26T11:46:47Z,0
2026-05-26T11:46:49.703Z,0
2026-05-26T17:15:03Z,0
2026-05-26T17:15:04Z,1
2026-05-26T17:15:15.143Z,0
2026-05-26T17:15:15.546Z,1
2026-05-26T17:16:34Z,0
2026-05-26T17:16:34.691Z,0
2026-05-26T17:23:41Z,0
2026-05-26T17:23:42Z,0
2026-05-26T17:23:51.343Z,0
2026-05-26T17:23:52.536Z,0
2026-05-26T17:23:53.32Z,0
2026-05-26T17:23:53.941Z,0
2026-05-26T17:23:54.542Z,0
2026-05-26T17:23:55.567Z,0
2026-05-26T17:23:56.315Z,0
2026-05-26T17:23:57.052Z,0
2026-05-26T17:23:57.647Z,0
2026-05-26T17:23:58.236Z,0
2026-05-26T17:23:58.836Z,0
2026-05-26T17:23:59.456Z,0
2026-05-26T17:24:00.498Z,0
2026-05-26T17:24:01.317Z,0
2026-05-26T17:24:01.955Z,0
2026-05-26T17:24:03.797Z,0
2026-05-26T17:24:04.298Z,0
2026-05-26T17:24:04.972Z,0
2026-05-26T17:39:46Z,0
2026-05-26T17:39:46.699Z,0
2026-05-26T17:39:47Z,1
2026-05-26T17:39:47.673Z,1
2026-05-26T17:41:17Z,0
2026-05-26T17:41:17.678Z,0
2026-05-26T17:58:01Z,0
2026-05-26T17:58:02Z,0
2026-05-26T17:58:11.546Z,0
2026-05-26T17:58:12.505Z,0
2026-05-26T17:58:13.132Z,0
2026-05-26T17:58:13.852Z,0
2026-05-26T17:58:14.872Z,0
2026-05-26T17:58:15.487Z,0
2026-05-26T17:58:16.258Z,0
2026-05-26T17:58:17.264Z,0
2026-05-26T17:58:17.873Z,0
2026-05-26T17:58:18.669Z,0
2026-05-26T17:58:19.339Z,0
2026-05-26T17:58:20.472Z,0
2026-05-26T17:58:21.183Z,0
2026-05-26T17:58:21.831Z,0
2026-05-26T17:58:22.437Z,0
2026-05-26T17:58:24.66Z,0
2026-05-26T17:58:25.325Z,0
2026-05-26T17:58:25.978Z,0
2026-05-26T17:58:26.57Z,0
2026-05-27T07:08:04Z,0
2026-05-27T07:08:05Z,1
2026-05-27T07:08:07.935Z,0
2026-05-27T07:08:10.643Z,1
2026-05-27T07:09:35Z,0
2026-05-27T07:09:36.098Z,0
2026-05-27T08:30:00Z,0
2026-05-27T08:30:11.36Z,0
2026-05-27T08:30:14.379Z,0
2026-05-27T08:30:14.953Z,0
2026-05-27T08:30:15.543Z,0
2026-05-27T08:30:16.18Z,0
2026-05-28T06:33:48Z,1
2026-05-28T06:33:52.114Z,0
2026-05-28T06:33:53.509Z,1
2026-05-28T06:35:18Z,0
2026-05-28T06:35:19.162Z,0
2026-05-28T08:30:00Z,0
2026-05-28T08:30:16.757Z,0
2026-05-28T08:30:17.138Z,0
2026-05-28T08:30:17.365Z,0
2026-05-28T08:30:19.511Z,0
2026-05-28T08:30:21.767Z,0
2026-05-29T06:36:57Z,0
2026-05-29T06:36:58Z,1
2026-05-29T06:37:01.714Z,0
2026-05-29T06:37:02.351Z,1
2026-05-29T06:38:28Z,0
2026-05-29T06:38:28.659Z,0
2026-05-29T08:30:00Z,0
2026-05-29T08:30:06.49Z,0
2026-05-29T08:30:12.433Z,0
2026-05-29T08:30:19.912Z,0
2026-05-29T08:30:23.353Z,0
2026-05-29T08:30:25.167Z,0
2026-05-29T12:16:03Z,0
2026-05-29T12:16:03.555Z,0
2026-05-29T12:16:04Z,1
2026-05-29T12:16:04.444Z,1
2026-05-29T12:17:34Z,0
2026-05-29T12:17:34.426Z,0
2026-05-29T12:32:32Z,0
2026-05-29T12:32:33Z,0
2026-05-29T12:32:34.952Z,0
2026-05-29T12:32:35.031Z,0
2026-05-29T12:32:35.171Z,0
2026-05-29T12:32:35.543Z,0
2026-05-29T12:32:36.233Z,0
2026-05-29T12:32:36.976Z,0
2026-05-29T12:32:37.539Z,0
2026-05-29T12:32:38.684Z,0
2026-05-29T12:32:39.358Z,0
2026-05-29T12:32:40.378Z,0
2026-05-29T12:32:41.065Z,0
2026-05-29T12:32:41.696Z,0
2026-05-29T12:32:42.277Z,0
2026-05-29T12:32:42.838Z,0
2026-05-29T12:32:43Z,0
2026-05-29T12:32:43.955Z,0
2026-05-29T12:32:44Z,1
2026-05-29T12:32:44.525Z,0
2026-05-29T12:32:45.653Z,0
2026-05-29T12:32:46.268Z,0
2026-05-29T12:32:46.854Z,0
2026-05-29T12:32:47.436Z,0
2026-05-29T12:32:48.12Z,0
2026-05-29T12:32:49.196Z,0
2026-05-29T12:32:49.98Z,0
2026-05-29T12:32:51.059Z,0
2026-05-29T12:32:51.793Z,0
2026-05-29T12:32:52.76Z,0
2026-05-29T12:32:54Z,0
2026-05-29T12:33:03Z,0
2026-05-29T12:33:04Z,1
2026-05-29T12:33:12.722Z,0
2026-05-29T12:33:13.812Z,1
2026-05-29T12:33:18.327Z,0
2026-05-29T12:33:19.925Z,0
2026-05-29T12:33:20.705Z,1
2026-05-29T12:33:25Z,0
2026-05-29T12:33:30.692Z,0
2026-05-29T12:59:59Z,0
2026-05-29T12:59:59.399Z,0
2026-05-29T13:00:00Z,0
2026-05-29T13:00:00.063Z,0
2026-05-29T13:00:00.929Z,0
2026-05-29T13:00:02.113Z,0
2026-05-29T13:00:02.86Z,0
2026-05-29T13:00:03Z,0
2026-05-29T13:00:03.547Z,0
2026-05-29T13:00:04Z,1
2026-05-29T13:00:04.765Z,0
2026-05-29T13:00:05Z,0
2026-05-29T13:00:05.907Z,0
2026-05-29T13:00:07.162Z,0
2026-05-29T13:00:07.763Z,0
2026-05-29T13:00:08.511Z,0
2026-05-29T13:00:09.235Z,0
2026-05-29T13:00:09.975Z,0
2026-05-29T13:00:11.13Z,0
2026-05-29T13:00:12.202Z,0
2026-05-29T13:00:12.906Z,0
2026-05-29T13:00:13.497Z,0
2026-05-29T13:00:14.517Z,0
2026-05-29T13:00:15.63Z,0
2026-05-29T13:00:16.391Z,0
2026-05-29T13:00:17.439Z,0
2026-05-29T13:00:18.094Z,0
2026-05-29T13:00:19.328Z,0
2026-05-29T13:00:19.929Z,0
2026-05-29T13:00:20.559Z,0
2026-05-29T13:01:05.958Z,0
2026-05-29T13:01:06.752Z,1
2026-05-29T13:01:07.321Z,0
2026-05-29T13:25:01Z,0
2026-05-29T13:25:02Z,0
2026-05-29T13:25:04Z,0
2026-05-29T13:25:05Z,1
2026-05-29T13:25:06Z,0
2026-05-29T13:25:11.234Z,0
2026-05-29T13:25:11.318Z,0
2026-05-29T13:25:11.463Z,0
2026-05-29T13:25:11.596Z,0
2026-05-29T13:25:12.363Z,0
2026-05-29T13:25:13.061Z,0
2026-05-29T13:25:14.131Z,0
2026-05-29T13:25:15.204Z,0
2026-05-29T13:25:15.876Z,0
2026-05-29T13:25:16.473Z,0
2026-05-29T13:25:17.083Z,0
2026-05-29T13:25:18.152Z,0
2026-05-29T13:25:18.821Z,0
2026-05-29T13:25:19.425Z,0
2026-05-29T13:25:19.903Z,0
2026-05-29T13:25:20.58Z,0
2026-05-29T13:25:21.139Z,0
2026-05-29T13:25:21.642Z,0
2026-05-29T13:25:22.311Z,0
2026-05-29T13:25:22.797Z,0
2026-05-29T13:25:23.399Z,0
2026-05-29T13:25:24.038Z,0
2026-05-29T13:25:24.792Z,0
2026-05-29T13:25:25.553Z,0
2026-05-29T13:25:26.507Z,0
2026-05-29T13:25:27.149Z,0
2026-05-29T13:25:27.852Z,0
2026-05-29T13:25:28.462Z,0
2026-05-29T13:25:29.062Z,0
2026-05-29T13:25:57.875Z,0
2026-05-29T13:26:04.085Z,1
2026-05-29T13:26:08.216Z,0
2026-05-29T13:50:39Z,0
2026-05-29T13:50:39.637Z,0
2026-05-29T13:50:40Z,0
2026-05-29T13:50:40.204Z,0
2026-05-29T13:50:40.936Z,0
2026-05-29T13:50:41.888Z,0
2026-05-29T13:50:42.972Z,0
2026-05-29T13:50:43.608Z,0
2026-05-29T13:50:44Z,0
2026-05-29T13:50:44.314Z,0
2026-05-29T13:50:44.925Z,0
2026-05-29T13:50:45Z,1
2026-05-29T13:50:45.502Z,0
2026-05-29T13:50:46Z,0
2026-05-29T13:50:46.554Z,0
2026-05-29T13:50:47.213Z,0
2026-05-29T13:50:47.89Z,0
2026-05-29T13:50:49.014Z,0
2026-05-29T13:50:49.686Z,0
2026-05-29T13:50:50.401Z,0
2026-05-29T13:50:50.987Z,0
2026-05-29T13:50:52.135Z,0
2026-05-29T13:50:52.727Z,0
2026-05-29T13:50:53.532Z,0
2026-05-29T13:50:54.115Z,0
2026-05-29T13:50:55.078Z,0
2026-05-29T13:50:55.652Z,0
2026-05-29T13:50:56.321Z,0
2026-05-29T13:50:57.012Z,0
2026-05-29T13:50:57.657Z,0
2026-05-29T13:50:58.236Z,0
2026-05-29T13:50:58.808Z,0
2026-05-29T13:50:59.378Z,0
2026-05-29T13:51:38.569Z,0
2026-05-29T13:51:39.113Z,1
2026-05-29T13:51:39.554Z,0
2026-05-29T13:57:05Z,0
2026-05-29T13:57:08.323Z,0
2026-05-30T06:37:51Z,0
2026-05-30T06:37:52Z,1
2026-05-30T06:37:54.806Z,0
2026-05-30T06:37:56.532Z,1
2026-05-30T06:39:22Z,0
2026-05-30T06:39:22.882Z,0
2026-05-30T06:40:53Z,0
2026-05-30T06:40:54Z,0
2026-05-30T06:41:01Z,0
2026-05-30T06:41:02Z,1
2026-05-30T06:41:02.794Z,0
2026-05-30T06:41:03.773Z,0
2026-05-30T06:41:04.415Z,0
2026-05-30T06:41:05.459Z,0
2026-05-30T06:41:06.654Z,0
2026-05-30T06:41:07.774Z,0
2026-05-30T06:41:08.509Z,0
2026-05-30T06:41:09.581Z,0
2026-05-30T06:41:10Z,0
2026-05-30T06:41:10.23Z,0
2026-05-30T06:41:10.946Z,0
2026-05-30T06:41:11Z,0
2026-05-30T06:41:11.455Z,0
2026-05-30T06:41:12Z,1
2026-05-30T06:41:12.177Z,0
2026-05-30T06:41:13.129Z,0
2026-05-30T06:41:17.058Z,0
2026-05-30T06:41:17.537Z,0
2026-05-30T06:41:18.211Z,0
2026-05-30T06:41:18.779Z,0
2026-05-30T06:41:29Z,0
2026-05-30T06:41:36.79Z,0
2026-05-30T06:41:37.8Z,1
2026-05-30T06:41:43.1Z,0
2026-05-30T06:41:43.685Z,0
2026-05-30T06:41:44.644Z,1
2026-05-30T06:41:53.125Z,0
2026-05-30T08:30:00Z,0
2026-05-30T08:30:00.542Z,0
2026-05-30T08:30:10.255Z,0
2026-05-30T08:30:10.514Z,0
2026-05-30T08:30:10.994Z,0
2026-05-30T08:30:11.48Z,0
2026-05-30T08:30:12.212Z,0
2026-05-31T06:35:26Z,0
2026-05-31T06:35:27Z,1
2026-05-31T06:35:29.062Z,0
2026-05-31T06:35:29.851Z,1
2026-05-31T06:36:57Z,0
2026-05-31T06:36:57.954Z,0
2026-05-31T06:53:39Z,0
2026-05-31T06:53:40Z,0
2026-05-31T06:53:46Z,0
2026-05-31T06:53:47Z,1
2026-05-31T06:53:49.103Z,0
2026-05-31T06:53:49.711Z,0
2026-05-31T06:53:50.37Z,0
2026-05-31T06:53:51.439Z,0
2026-05-31T06:53:52.135Z,0
2026-05-31T06:53:52.738Z,0
2026-05-31T06:53:53.33Z,0
2026-05-31T06:53:54.037Z,0
2026-05-31T06:53:54.633Z,0
2026-05-31T06:53:55.478Z,0
2026-05-31T06:53:56Z,0
2026-05-31T06:53:56.102Z,0
2026-05-31T06:53:56.701Z,0
2026-05-31T06:53:57Z,1
2026-05-31T06:53:57.324Z,0
2026-05-31T06:53:58.313Z,0
2026-05-31T06:53:59.348Z,0
2026-05-31T06:54:02.669Z,0
2026-05-31T06:54:14Z,0
2026-05-31T06:54:17.535Z,0
2026-05-31T06:54:18.652Z,1
2026-05-31T06:54:24.152Z,0
2026-05-31T06:54:25.176Z,0
2026-05-31T06:54:26.187Z,1
2026-05-31T06:55:12.483Z,0
2026-05-31T08:30:00Z,0
2026-05-31T08:30:00.626Z,0
2026-05-31T08:30:03.522Z,0
2026-05-31T08:30:04.233Z,0
2026-05-31T08:30:05.263Z,0
2026-05-31T08:30:06.453Z,0
2026-06-01T06:37:47Z,1
2026-06-01T06:37:49.479Z,0
2026-06-01T06:37:50.752Z,1
2026-06-01T06:39:17Z,0
2026-06-01T06:39:18.228Z,0
2026-06-01T08:30:00Z,0
2026-06-01T08:30:01.299Z,0
2026-06-01T08:30:12.328Z,0
2026-06-01T08:30:15.731Z,0
2026-06-01T08:30:16.795Z,0
2026-06-01T08:30:19.239Z,0
2026-06-01T08:30:21.613Z,0
2026-06-01T08:54:54Z,0
2026-06-01T08:54:54.497Z,0
2026-06-01T08:54:55Z,1
2026-06-01T08:54:56.24Z,1
2026-06-01T08:56:25Z,0
2026-06-01T08:56:25.53Z,0
2026-06-01T09:47:03Z,0
2026-06-01T09:47:03.779Z,0
2026-06-01T11:23:20Z,0
2026-06-01T11:23:21Z,1
2026-06-01T11:23:21.644Z,0
2026-06-01T11:23:22.472Z,1
2026-06-01T11:24:51Z,0
2026-06-01T11:24:51.718Z,0
2026-06-01T11:57:49Z,0
2026-06-01T11:57:51.703Z,0
2026-06-01T12:35:24Z,0
2026-06-01T12:35:25Z,1
2026-06-01T12:35:25.72Z,0
2026-06-01T12:35:30.585Z,1
2026-06-01T12:36:55Z,0
2026-06-01T12:36:55.535Z,0
2026-06-01T13:10:40Z,0
2026-06-01T13:10:41.752Z,0
2026-06-01T13:38:14Z,1
2026-06-01T13:38:15.381Z,0
2026-06-01T13:38:16.222Z,1
2026-06-01T13:39:44Z,0
2026-06-01T13:39:46.566Z,0
2026-06-01T15:33:29Z,0
2026-06-01T15:33:31.166Z,0
2026-06-02T05:49:49Z,0
2026-06-02T05:50:43Z,0
2026-06-02T05:52:31Z,0
2026-06-02T06:01:54.043Z,0
2026-06-02T06:10:22.47Z,0
2026-06-02T06:16:53Z,0
2026-06-02T06:16:54Z,1
2026-06-02T06:18:20Z,0
2026-06-02T06:50:23.822Z,0
2026-06-02T06:50:33.032Z,1
2026-06-02T06:51:57.996Z,0
2026-06-02T07:06:07.098Z,0
2026-06-02T07:06:07.74Z,1
2026-06-02T07:06:28.617Z,0
2026-06-02T07:27:09Z,1
2026-06-02T07:27:09.928Z,1
2026-06-02T07:28:47Z,0
2026-06-02T07:28:50.912Z,0
2026-06-02T08:30:00Z,0
2026-06-02T08:30:06.762Z,0
2026-06-02T08:53:10Z,0
2026-06-02T08:53:12Z,0
2026-06-02T08:54:18.078Z,0
2026-06-02T09:33:17.135Z,0
2026-06-02T10:18:41Z,0
2026-06-02T10:18:42Z,1
2026-06-02T10:18:43.692Z,0
2026-06-02T10:18:45.333Z,1
2026-06-02T10:20:12Z,0
2026-06-02T10:20:14.914Z,0
2026-06-02T10:53:50Z,0
2026-06-02T10:53:51Z,0
2026-06-02T10:53:52.887Z,0
2026-06-02T10:53:53.127Z,0
2026-06-02T10:54:01Z,0
2026-06-02T10:54:02Z,1
2026-06-02T10:54:02.743Z,0
2026-06-02T10:54:03.548Z,1
2026-06-02T10:54:36Z,0
2026-06-02T10:54:37.324Z,0
2026-06-02T11:04:51Z,0
2026-06-02T11:04:52Z,1
2026-06-02T11:04:52.22Z,0
2026-06-02T11:04:53.112Z,1
2026-06-02T11:05:59Z,0
2026-06-02T11:06:01Z,0
2026-06-02T11:06:02.591Z,0
2026-06-02T11:06:04.674Z,0
2026-06-02T11:06:10Z,0
2026-06-02T11:06:11.378Z,0
2026-06-03T06:22:51Z,0
2026-06-03T06:22:52Z,1
2026-06-03T06:22:54.315Z,0
2026-06-03T06:22:56.919Z,1
2026-06-03T06:24:22Z,0
2026-06-03T06:24:22.962Z,0
2026-06-03T08:30:00Z,0
2026-06-03T08:30:05.03Z,0
2026-06-03T08:31:21Z,0
2026-06-03T08:31:22.525Z,0
2026-06-03T08:31:37Z,0
2026-06-03T08:31:37.554Z,0
2026-06-03T08:31:38Z,1
2026-06-03T08:31:38.575Z,1
2026-06-03T08:31:59Z,0
2026-06-03T08:32:03.754Z,0
2026-06-03T10:28:20Z,0
2026-06-03T10:28:20.761Z,0
2026-06-03T10:28:21Z,1
2026-06-03T10:28:22.013Z,1
2026-06-03T10:29:51Z,0
2026-06-03T10:29:51.747Z,0
2026-06-03T10:44:37Z,0
2026-06-03T10:44:37.453Z,0
2026-06-04T07:56:16Z,0
2026-06-04T07:56:17Z,1
2026-06-04T07:56:19.216Z,0
2026-06-04T07:56:21.102Z,1
2026-06-04T07:57:47Z,0
2026-06-04T07:57:48.761Z,0
2026-06-04T08:30:00Z,0
2026-06-04T08:30:01.684Z,0
2026-06-04T08:30:05.163Z,0
2026-06-04T08:30:18.208Z,0
2026-06-04T09:14:31Z,0
2026-06-04T09:14:32Z,1
2026-06-04T09:14:32.741Z,0
2026-06-04T09:14:34.124Z,1
2026-06-04T09:16:02Z,0
2026-06-04T09:16:03.743Z,0
2026-06-04T17:53:40Z,0
2026-06-04T17:53:41.074Z,0
2026-06-05T05:11:55Z,0
2026-06-05T05:11:56Z,1
2026-06-05T05:11:56.258Z,0
2026-06-05T05:11:58.533Z,1
2026-06-05T05:13:26Z,0
2026-06-05T05:13:26.283Z,0
2026-06-05T06:30:00Z,0
2026-06-05T06:30:11.918Z,0
2026-06-05T07:46:22Z,0
2026-06-05T07:46:23Z,1
2026-06-05T07:46:24.39Z,0
2026-06-05T07:46:25.622Z,1
2026-06-05T07:47:53Z,0
2026-06-05T07:47:53.753Z,0
2026-06-05T08:30:00Z,0
2026-06-05T08:30:06.269Z,0
2026-06-05T08:30:08.127Z,0
2026-06-05T08:30:21.653Z,0
2026-06-05T09:02:00Z,0
2026-06-05T09:02:01Z,1
2026-06-05T09:02:02.103Z,0
2026-06-05T09:02:05.634Z,1
2026-06-05T09:03:31Z,0
2026-06-05T09:03:31.583Z,0
2026-06-05T16:55:43Z,0
2026-06-05T16:55:46.789Z,0
2026-06-05T17:29:20Z,0
2026-06-05T17:29:21Z,1
2026-06-05T17:29:24.325Z,0
2026-06-05T17:29:25.863Z,1
2026-06-05T17:30:51Z,0
2026-06-05T17:30:51.664Z,0
2026-06-05T17:44:16Z,0
2026-06-05T17:44:19.805Z,0
2026-06-06T04:00:00Z,0
2026-06-06T04:00:01Z,1
2026-06-06T04:00:11.808Z,0
2026-06-06T04:00:13.009Z,1
2026-06-06T04:01:31Z,0
2026-06-06T04:01:31.935Z,0
2026-06-06T06:30:00Z,0
2026-06-06T06:30:03.845Z,0
2026-06-06T07:18:45Z,0
2026-06-06T07:18:46Z,1
2026-06-06T07:18:48.233Z,0
2026-06-06T07:18:49.669Z,1
2026-06-06T07:20:16Z,0
2026-06-06T07:20:17.735Z,0
2026-06-06T08:30:00Z,0
2026-06-06T08:30:04.076Z,0
2026-06-06T08:30:19.075Z,0
2026-06-06T08:30:19.265Z,0
2026-06-06T08:39:41Z,0
2026-06-06T08:39:42Z,1
2026-06-06T08:39:44.043Z,0
2026-06-06T08:39:45.423Z,1
2026-06-06T08:41:12Z,0
2026-06-06T08:41:13.131Z,0
2026-06-06T12:16:02Z,0
2026-06-06T12:16:28.062Z,0
2026-06-06T13:21:02Z,0
2026-06-06T13:21:03Z,1
2026-06-06T13:21:04.001Z,0
2026-06-06T13:21:04.913Z,1
2026-06-06T13:22:32Z,0
2026-06-06T13:22:34.173Z,0
2026-06-06T13:41:02Z,0
2026-06-06T13:41:03Z,1
2026-06-06T13:41:08.116Z,0
2026-06-06T13:41:09.879Z,1
2026-06-06T13:42:32Z,0
2026-06-06T13:42:35.528Z,0
2026-06-06T18:05:36Z,0
2026-06-06T18:05:38.666Z,0
2026-06-07T04:00:00Z,0
2026-06-07T04:00:01Z,1
2026-06-07T04:00:02.328Z,0
2026-06-07T04:00:17.151Z,1
2026-06-07T04:01:31Z,0
2026-06-07T04:01:31.88Z,0
2026-06-07T06:30:00Z,0
2026-06-07T06:30:02.272Z,0
2026-06-07T07:38:53Z,0
2026-06-07T07:38:54Z,1
2026-06-07T07:38:56.401Z,0
2026-06-07T07:38:59.331Z,1
2026-06-07T07:40:24Z,0
2026-06-07T07:40:24.801Z,0
2026-06-07T08:30:00Z,0
2026-06-07T08:30:11.654Z,0
2026-06-07T08:30:12.82Z,0
2026-06-07T08:30:13.954Z,0
2026-06-07T08:47:22Z,0
2026-06-07T08:47:23Z,1
2026-06-07T08:47:24.268Z,0
2026-06-07T08:47:25.717Z,1
2026-06-07T08:48:53Z,0
2026-06-07T08:48:53.781Z,0
2026-06-07T09:23:23Z,0
2026-06-07T09:23:24Z,1
2026-06-07T09:23:24.526Z,0
2026-06-07T09:23:24.838Z,1
2026-06-07T09:23:31Z,0
2026-06-07T09:23:31.792Z,0
2026-06-07T09:23:33Z,0
2026-06-07T09:23:33.643Z,0
2026-06-07T09:23:34Z,1
2026-06-07T09:23:34.621Z,1
2026-06-07T09:23:37Z,0
2026-06-07T09:23:37.66Z,0
2026-06-07T09:23:49Z,0
2026-06-07T09:23:49.931Z,0
2026-06-07T17:53:43Z,0
2026-06-07T17:53:46.193Z,0
2026-06-08T04:00:00Z,0
2026-06-08T04:00:01Z,1
2026-06-08T04:00:11.899Z,0
2026-06-08T04:00:13.424Z,1
2026-06-08T04:01:31Z,0
2026-06-08T04:01:31.922Z,0
2026-06-08T05:47:53Z,0
2026-06-08T05:47:57.075Z,0
2026-06-08T05:56:35Z,0
2026-06-08T05:56:36Z,1
2026-06-08T05:56:40.219Z,0
2026-06-08T05:56:42.943Z,1
2026-06-08T05:58:06Z,0
2026-06-08T05:58:07.982Z,0
2026-06-08T06:01:53Z,0
2026-06-08T06:01:57.151Z,0
2026-06-08T06:33:58Z,0
2026-06-08T06:33:59Z,1
2026-06-08T06:34:01.608Z,0
2026-06-08T06:34:03.588Z,1
2026-06-08T06:35:29Z,0
2026-06-08T06:35:29.753Z,0
2026-06-08T08:30:00Z,0
2026-06-08T08:30:05.76Z,0
2026-06-08T08:30:07.267Z,0
2026-06-08T08:30:07.984Z,0
2026-06-08T08:39:13Z,0
2026-06-08T08:39:14Z,1
2026-06-08T08:39:14.762Z,0
2026-06-08T08:39:15.606Z,1
2026-06-08T08:40:44Z,0
2026-06-08T08:40:45.123Z,0
2026-06-08T09:14:36Z,1
2026-06-08T09:14:37.222Z,1
2026-06-08T09:16:23Z,0
2026-06-08T09:16:24.152Z,0
2026-06-08T11:56:02Z,0
2026-06-08T11:56:27.136Z,0
2026-06-08T12:41:02Z,1
2026-06-08T12:41:03.498Z,1
2026-06-08T12:42:32Z,0
2026-06-08T12:42:33.096Z,0
2026-06-08T18:36:02Z,1
2026-06-08T18:36:03.525Z,1
2026-06-08T18:37:32Z,0
2026-06-08T18:37:33.008Z,0
2026-06-09T04:00:01Z,1
2026-06-09T04:00:13.13Z,1
2026-06-09T04:01:31Z,0
2026-06-09T04:01:32.38Z,0
2026-06-09T06:56:51Z,1
2026-06-09T06:56:52.101Z,1
2026-06-09T06:58:21Z,0
2026-06-09T06:58:22.304Z,0
2026-06-09T07:57:08Z,1
2026-06-09T07:57:10.286Z,1
2026-06-09T07:58:38Z,0
2026-06-09T07:58:39.374Z,0
2026-06-09T09:47:13Z,1
2026-06-09T09:47:16.6Z,1
2026-06-09T09:48:43Z,0
2026-06-09T09:48:45.179Z,0
2026-06-10T03:00:01Z,1
2026-06-10T03:00:09.993Z,1
2026-06-10T03:01:31Z,0
2026-06-10T03:01:32.399Z,0
2026-06-10T07:03:24Z,1
2026-06-10T07:03:28.361Z,1
2026-06-10T07:04:54Z,0
2026-06-10T07:04:54.623Z,0
2026-06-10T08:34:55Z,1
2026-06-10T08:34:57.676Z,1
2026-06-10T08:36:25Z,0
2026-06-10T08:36:26.276Z,0
2026-06-11T03:00:01Z,1
2026-06-11T03:00:14.016Z,1
2026-06-11T03:01:31Z,0
2026-06-11T03:01:32.464Z,0
2026-06-11T06:20:39Z,1
2026-06-11T06:20:43.405Z,1
2026-06-11T06:24:36Z,0
2026-06-11T06:24:37.653Z,0
2026-06-11T06:31:01Z,1
2026-06-11T06:31:04.626Z,1
2026-06-11T06:33:38Z,0
2026-06-11T06:33:39.152Z,0
2026-06-11T07:29:08Z,1
2026-06-11T07:29:10.328Z,1
2026-06-11T07:30:38Z,0
2026-06-11T07:30:39.298Z,0
2026-06-11T12:16:58Z,1
2026-06-11T12:16:58.732Z,1
2026-06-11T12:18:27Z,0
2026-06-11T12:18:28.356Z,0
2026-06-12T03:00:01Z,1
2026-06-12T03:00:09.676Z,1
2026-06-12T03:01:31Z,0
2026-06-12T03:01:33.334Z,0
2026-06-12T07:07:26Z,1
2026-06-12T07:07:28.207Z,1
2026-06-12T07:08:56Z,0
2026-06-12T07:08:57.71Z,0
2026-06-12T08:38:14Z,1
2026-06-12T08:38:15.481Z,1
2026-06-12T08:39:44Z,0
2026-06-12T08:39:44.965Z,0
2026-06-13T03:00:01Z,1
2026-06-13T03:00:09.521Z,1
2026-06-13T03:01:31Z,0
2026-06-13T03:01:31.457Z,0
2026-06-13T03:28:59Z,1
2026-06-13T03:29:01.163Z,1
2026-06-13T03:30:29Z,0
2026-06-13T03:30:30.361Z,0
2026-06-13T08:17:12Z,1
2026-06-13T08:17:15.98Z,1
2026-06-13T08:18:42Z,0
2026-06-13T08:18:43.008Z,0
2026-06-13T08:58:35Z,1
2026-06-13T08:58:37.616Z,1
2026-06-13T09:00:06Z,0
2026-06-13T09:00:15.035Z,0
2026-06-13T14:53:13Z,1
2026-06-13T14:53:15.253Z,1
2026-06-13T14:54:43Z,0
2026-06-13T14:54:45.592Z,0
2026-06-14T06:47:20Z,1
2026-06-14T06:47:24.133Z,1
2026-06-14T06:48:50Z,0
2026-06-14T06:48:50.688Z,0
2026-06-14T08:31:26Z,1
2026-06-14T08:31:29.747Z,1
2026-06-14T08:32:51Z,0
2026-06-14T08:32:53.499Z,0
2026-06-14T12:46:02Z,1
2026-06-14T12:46:03.167Z,1
2026-06-14T12:47:32Z,0
2026-06-14T12:47:33.679Z,0
2026-06-15T03:00:01Z,1
2026-06-15T03:00:11.56Z,1
2026-06-15T03:01:31Z,0
2026-06-15T03:01:32.328Z,0
2026-06-15T06:27:19Z,1
2026-06-15T06:27:20.837Z,1
2026-06-15T06:28:49Z,0
2026-06-15T06:28:49.47Z,0
2026-06-15T07:24:57Z,1
2026-06-15T07:24:57.984Z,1
2026-06-15T07:28:00Z,0
2026-06-15T07:28:02.814Z,0
2026-06-15T08:30:11Z,1
2026-06-15T08:30:20Z,0
2026-06-15T08:30:22.365Z,1
2026-06-15T08:30:30.446Z,0
2026-06-15T09:40:39Z,1
2026-06-15T09:40:39.473Z,1
2026-06-15T09:42:09Z,0
2026-06-15T09:42:09.626Z,0
2026-06-15T10:41:50Z,1
2026-06-15T10:41:50.952Z,1
2026-06-15T10:43:00Z,0
2026-06-15T10:43:10Z,1
2026-06-15T10:43:11.335Z,0
2026-06-15T10:43:11.415Z,0
2026-06-15T10:43:15.699Z,1
2026-06-15T10:43:36Z,0
2026-06-15T10:43:37.188Z,0
2026-06-15T12:18:32Z,1
2026-06-15T12:18:34.398Z,1
2026-06-15T12:20:02Z,0
2026-06-15T12:20:11.51Z,0
2026-06-15T17:21:02Z,1
2026-06-15T17:21:03.529Z,1
2026-06-15T17:22:32Z,0
2026-06-15T17:22:32.379Z,0
2026-06-16T03:00:01Z,1
2026-06-16T03:00:12.819Z,1
2026-06-16T03:01:31Z,0
2026-06-16T03:01:32.844Z,0
2026-06-16T07:45:40Z,1
2026-06-16T07:45:40.761Z,1
2026-06-16T07:47:35Z,0
2026-06-16T07:47:35.528Z,0
2026-06-16T08:02:25Z,1
2026-06-16T08:02:37.291Z,1
2026-06-16T08:03:55Z,0
2026-06-16T08:03:56.335Z,0
2026-06-16T09:07:19Z,1
2026-06-16T09:07:19.431Z,1
2026-06-16T09:08:49Z,0
2026-06-16T09:08:50.748Z,0
2026-06-16T10:45:48Z,1
2026-06-16T10:45:48.734Z,1
2026-06-16T10:47:18Z,0
2026-06-16T10:47:18.852Z,0
2026-06-16T11:28:06Z,1
2026-06-16T11:28:06.995Z,1
2026-06-16T11:29:36Z,0
2026-06-16T11:29:37.18Z,0
2026-06-17T03:00:01Z,1
2026-06-17T03:00:09.07Z,1
2026-06-17T03:03:01Z,0
2026-06-17T03:03:03.874Z,0
2026-06-17T04:31:17Z,1
2026-06-17T04:31:20.259Z,1
2026-06-17T04:34:17Z,0
2026-06-17T04:34:18.495Z,0
2026-06-17T06:20:56Z,1
2026-06-17T06:20:59.819Z,1
2026-06-17T06:23:56Z,0
2026-06-17T06:23:57.379Z,0
2026-06-17T18:06:02Z,1
2026-06-17T18:06:03.442Z,1
2026-06-17T18:07:32Z,0
2026-06-17T18:07:32.554Z,0
2026-06-18T05:29:00Z,1
2026-06-18T05:29:01.83Z,1
2026-06-18T05:30:33Z,0
2026-06-18T05:30:36.657Z,0
2026-06-18T05:30:37.286Z,0
2026-06-18T07:31:02Z,1
2026-06-18T07:31:05.951Z,1
2026-06-18T07:34:02Z,0
2026-06-18T07:34:05.684Z,0
2026-06-18T07:44:07Z,1
2026-06-18T07:44:08.189Z,1
2026-06-18T07:47:13Z,0
2026-06-18T07:47:13.764Z,0
2026-06-18T09:17:58Z,1
2026-06-18T09:17:59.031Z,1
2026-06-18T09:19:28Z,0
2026-06-18T09:19:31.729Z,0
2026-06-19T03:00:01Z,1
2026-06-19T03:00:15.575Z,1
2026-06-19T03:03:01Z,0
2026-06-19T03:03:03.273Z,0
2026-06-19T04:08:54Z,1
2026-06-19T04:08:57.72Z,1
2026-06-19T04:11:54Z,0
2026-06-19T04:11:56.803Z,0
2026-06-19T05:09:39Z,1
2026-06-19T05:09:42.744Z,1
2026-06-19T05:12:39Z,0
2026-06-19T05:12:41.514Z,0
2026-06-19T06:22:57Z,1
2026-06-19T06:23:03.727Z,1
2026-06-19T06:25:57Z,0
2026-06-19T06:25:59.08Z,0
2026-06-20T03:00:01Z,1
2026-06-20T03:00:15.455Z,1
2026-06-20T03:03:01Z,0
2026-06-20T03:03:07.247Z,0
2026-06-20T06:24:57Z,1
2026-06-20T06:25:00.489Z,1
2026-06-20T06:27:57Z,0
2026-06-20T06:27:58.388Z,0
2026-06-20T12:56:02Z,1
2026-06-20T12:56:03.696Z,1
2026-06-20T12:57:32Z,0
2026-06-20T12:57:34.302Z,0
2026-06-21T03:00:01Z,1
2026-06-21T03:00:14.015Z,1
2026-06-21T03:03:01Z,0
2026-06-21T03:03:04.481Z,0
2026-06-21T05:03:19Z,1
2026-06-21T05:03:21.357Z,1
2026-06-21T05:06:19Z,0
2026-06-21T05:06:20.56Z,0
2026-06-21T06:02:50Z,1
2026-06-21T06:02:52.057Z,1
2026-06-21T06:05:51Z,0
2026-06-21T06:05:52.282Z,0
2026-06-21T11:16:01Z,1
2026-06-21T11:16:03.661Z,1
2026-06-21T11:17:31Z,0
2026-06-21T11:17:33.989Z,0
2026-06-21T11:51:02Z,1
2026-06-21T11:51:03.168Z,1
2026-06-21T11:52:32Z,0
2026-06-21T11:52:32.412Z,0
2026-06-21T16:46:02Z,1
2026-06-21T16:46:03.338Z,1
2026-06-21T16:47:32Z,0
2026-06-21T16:47:32.437Z,0
2026-06-22T06:13:43Z,1
2026-06-22T06:13:46.549Z,1
2026-06-22T06:16:43Z,0
2026-06-22T06:16:45.111Z,0
2026-06-22T08:39:53Z,1
2026-06-22T08:39:58.363Z,1
2026-06-22T08:39:59Z,0
2026-06-22T08:40:02Z,1
2026-06-22T08:40:04.964Z,0
2026-06-22T08:40:05.41Z,0
2026-06-22T08:40:22.057Z,1
2026-06-22T08:41:29Z,0
2026-06-22T08:41:32.118Z,0
2026-06-22T17:51:01Z,1
2026-06-22T17:51:05.402Z,1
2026-06-22T17:54:01Z,0
2026-06-22T17:54:03.744Z,0
2026-06-23T06:14:22Z,1
2026-06-23T06:14:22.816Z,1
2026-06-23T06:17:22Z,0
2026-06-23T06:17:23.098Z,0
2026-06-23T07:05:32Z,1
2026-06-23T07:05:50.74Z,1
2026-06-23T07:09:30Z,0
2026-06-23T07:09:30.734Z,0
2026-06-23T08:13:44Z,1
2026-06-23T08:13:44.307Z,1
2026-06-23T08:14:14Z,0
2026-06-23T08:14:15.077Z,0
2026-06-23T08:30:11Z,1
2026-06-23T08:30:19.058Z,1
2026-06-23T08:30:20Z,0
2026-06-23T08:30:23.731Z,0
2026-06-23T17:56:01Z,1
2026-06-23T17:56:03.135Z,1
2026-06-23T17:59:01Z,0
2026-06-23T17:59:03.346Z,0
2026-06-24T06:19:44Z,1
2026-06-24T06:19:45.661Z,1
2026-06-24T06:22:44Z,0
2026-06-24T06:22:45.632Z,0
2026-06-24T08:30:11Z,1
2026-06-24T08:30:20Z,0
2026-06-24T08:30:20.755Z,1
2026-06-24T08:30:24.718Z,0
2026-06-24T08:53:11Z,1
2026-06-24T08:53:19.783Z,1
2026-06-24T08:56:11Z,0
2026-06-24T08:56:12.408Z,0
2026-06-24T17:21:01Z,1
2026-06-24T17:21:02.944Z,1
2026-06-24T17:24:01Z,0
2026-06-24T17:24:02.811Z,0
2026-06-25T03:00:01Z,1
2026-06-25T03:00:13.52Z,1
2026-06-25T03:03:01Z,0
2026-06-25T03:03:03.116Z,0
2026-06-25T06:19:25Z,1
2026-06-25T06:19:30.209Z,1
2026-06-25T06:22:25Z,0
2026-06-25T06:22:28.2Z,0
2026-06-25T11:11:01Z,1
2026-06-25T11:11:03.821Z,1
2026-06-25T11:12:31Z,0
2026-06-25T11:12:34.423Z,0
2026-06-25T11:46:02Z,1
2026-06-25T11:46:03.516Z,1
2026-06-25T11:47:32Z,0
2026-06-25T11:47:32.333Z,0
2026-06-25T16:11:01Z,1
2026-06-25T16:11:08.291Z,1
2026-06-25T16:12:31Z,0
2026-06-25T16:12:33.259Z,0
2026-06-26T03:00:01Z,1
2026-06-26T03:00:11.83Z,1
2026-06-26T03:03:01Z,0
2026-06-26T03:03:03.286Z,0
2026-06-27T03:00:01Z,1
2026-06-27T03:00:11.771Z,1
2026-06-27T03:03:01Z,0
2026-06-27T03:03:04.466Z,0
2026-06-27T13:46:02Z,1
2026-06-27T13:46:03.271Z,1
2026-06-27T13:47:32Z,0
2026-06-27T13:47:35.954Z,0
2026-06-27T15:46:02Z,1
2026-06-27T15:46:03.099Z,1
2026-06-27T15:47:32Z,0
2026-06-27T15:47:32.402Z,0
2026-06-28T03:00:01Z,1
2026-06-28T03:00:13.269Z,1
2026-06-28T03:03:01Z,0
2026-06-28T03:03:05.347Z,0
2026-06-28T14:31:11Z,1
2026-06-28T14:31:12.76Z,1
2026-06-28T14:32:41Z,0
2026-06-28T14:32:41.451Z,0
2026-06-28T15:06:11Z,1
2026-06-28T15:06:12.14Z,1
2026-06-28T15:07:41Z,0
2026-06-28T15:07:42.19Z,0
2026-06-29T03:00:01Z,1
2026-06-29T03:00:09.808Z,1
2026-06-29T03:03:01Z,0
2026-06-29T03:03:03.371Z,0
2026-06-29T14:56:01Z,1
2026-06-29T14:56:03.22Z,1
2026-06-29T14:57:31Z,0
2026-06-29T14:57:33.29Z,0
2026-06-29T16:26:02Z,1
2026-06-29T16:26:02.773Z,1
2026-06-29T16:27:32Z,0
2026-06-29T16:27:33.304Z,0
2026-06-30T06:14:37Z,1
2026-06-30T06:14:40.513Z,1
2026-06-30T06:17:37Z,0
2026-06-30T06:17:39.041Z,0
2026-06-30T18:01:01Z,1
2026-06-30T18:01:02.971Z,1
2026-06-30T18:02:31Z,0
2026-06-30T18:02:32.285Z,0
2026-06-30T22:27:38Z,1
2026-06-30T22:27:42.26Z,1
2026-06-30T22:30:38Z,0
2026-06-30T22:30:38.904Z,0
2026-07-01T06:30:00Z,1
2026-07-01T06:30:12.671Z,1
2026-07-01T06:30:23Z,0
2026-07-01T06:30:25.303Z,0
2026-07-01T08:17:00Z,1
2026-07-01T08:17:03.303Z,1
2026-07-01T08:20:00Z,0
2026-07-01T08:20:27.828Z,0
2026-07-01T17:56:01Z,1
2026-07-01T17:56:02.97Z,1
2026-07-01T17:57:31Z,0
2026-07-01T17:57:32.189Z,0
2026-07-01T23:29:50Z,1
2026-07-01T23:29:51.569Z,1
2026-07-01T23:32:50Z,0
2026-07-01T23:32:50.612Z,0
2026-07-02T21:37:05Z,1
2026-07-02T21:37:06.654Z,1
2026-07-02T21:40:05Z,0
2026-07-02T21:40:12.737Z,0
2026-07-03T12:01:01Z,1
2026-07-03T12:01:05.766Z,1
2026-07-03T12:02:31Z,0
2026-07-03T12:02:32.321Z,0
2026-07-03T17:11:01Z,1
2026-07-03T17:11:04.206Z,1
2026-07-03T17:12:31Z,0
2026-07-03T17:12:32.209Z,0
2026-07-04T02:50:03Z,1
2026-07-04T02:50:15.248Z,1
2026-07-04T02:53:03Z,0
2026-07-04T02:53:04.117Z,0
2026-07-04T03:00:01Z,1
2026-07-04T03:00:14.892Z,1
2026-07-04T03:00:20Z,0
2026-07-04T03:00:24.084Z,0
2026-07-04T06:15:00Z,1
2026-07-04T06:15:14.831Z,1
2026-07-04T06:18:00Z,0
2026-07-04T06:18:01.642Z,0
2026-07-04T16:56:01Z,1
2026-07-04T16:56:02.772Z,1
2026-07-04T16:57:32Z,0
2026-07-04T16:57:34.792Z,0
2026-07-05T00:43:07Z,1
2026-07-05T00:43:10.136Z,1
2026-07-05T00:46:07Z,0
2026-07-05T00:46:09.209Z,0
2026-07-05T06:28:07Z,1
2026-07-05T06:28:10.811Z,1
2026-07-05T06:31:07Z,0
2026-07-05T06:31:09.541Z,0
2026-07-05T18:06:01Z,1
2026-07-05T18:06:02.689Z,1
2026-07-05T18:07:31Z,0
2026-07-05T18:07:32.329Z,0
2026-07-06T06:20:06Z,1
2026-07-06T06:20:13.044Z,1
2026-07-06T06:23:06Z,0
2026-07-06T06:23:07.737Z,0
2026-07-07T00:50:48Z,1
2026-07-07T00:50:50.368Z,1
2026-07-07T00:53:48Z,0
2026-07-07T00:53:48.852Z,0
2026-07-07T03:00:01Z,1
2026-07-07T03:00:10.998Z,1
2026-07-07T03:03:01Z,0
2026-07-07T03:03:04.075Z,0
2026-07-07T06:17:02Z,1
2026-07-07T06:17:07.901Z,1
2026-07-07T06:20:02Z,0
2026-07-07T06:20:21.726Z,0
2026-07-08T06:14:20Z,1
2026-07-08T06:14:21.393Z,1
2026-07-08T06:17:20Z,0
2026-07-08T06:17:22.479Z,0
2026-07-09T06:08:26Z,1
2026-07-09T06:08:28.854Z,1
2026-07-09T06:11:26Z,0
2026-07-09T06:11:26.497Z,0
2026-07-09T23:35:07Z,1
2026-07-09T23:35:15.976Z,1
2026-07-09T23:38:07Z,0
2026-07-09T23:38:07.723Z,0
2026-07-10T06:16:24Z,1
2026-07-10T06:16:28.213Z,1
2026-07-10T06:19:24Z,0
2026-07-10T06:19:26.285Z,0
2026-07-10T21:54:34Z,1
2026-07-10T21:54:37.433Z,1
2026-07-10T21:57:34Z,0
2026-07-10T21:57:34.778Z,0
2026-07-11T14:46:01Z,1
2026-07-11T14:46:03.055Z,1
2026-07-11T14:47:31Z,0
2026-07-11T14:47:32.339Z,0
2026-07-11T21:25:19Z,1
2026-07-11T21:25:22.012Z,1
2026-07-11T21:28:19Z,0
2026-07-11T21:28:29.64Z,0
2026-07-12T12:06:04Z,1
2026-07-12T12:06:04.622Z,1
2026-07-12T12:07:34Z,0
2026-07-12T12:07:34.705Z,0
2026-07-12T14:21:05Z,1
2026-07-12T14:21:06.068Z,1
2026-07-12T14:22:35Z,0
2026-07-12T14:22:36.196Z,0
2026-07-12T15:06:06Z,1
2026-07-12T15:06:06.518Z,1
2026-07-12T15:07:36Z,0
2026-07-12T15:07:38.867Z,0
2026-07-12T22:12:39Z,1
2026-07-12T22:12:40.998Z,1
2026-07-12T22:15:39Z,0
2026-07-12T22:15:39.726Z,0
2026-07-13T18:16:05Z,1
2026-07-13T18:16:08.714Z,1
2026-07-13T18:17:35Z,0
2026-07-13T18:17:37.542Z,0
2026-03-02T13:00:21Z,0
2026-03-02T13:00:22Z,0
2026-03-02T13:00:32Z,0
2026-03-02T15:21:26Z,0
2026-03-03T11:31:06Z,1
2026-03-03T11:32:36Z,0
2026-03-03T12:40:28Z,1
2026-02-26T12:38:30Z,1
2026-02-26T12:40:00Z,0
2026-02-27T11:46:19Z,1
2026-02-27T11:49:19Z,0
