date,temperature_2m,temperature_2m_previous_day1,relative_humidity_2m,relative_humidity_2m_previous_day1,precipitation,precipitation_previous_day1,wind_speed_10m,wind_speed_10m_previous_day1,shortwave_radiation,shortwave_radiation_previous_day1
2026-08-01 00:00:00,29.3,29.05,59.143227,52.82517,0.0,0.0,1.0307764,1.3009611,0.0,0.0
2026-08-01 01:00:00,28.4,28.15,64.25713,59.98334,0.0,0.0,0.50990194,1.0816654,0.0,0.0
2026-08-01 02:00:00,27.55,27.55,71.13102,65.27449,0.0,0.0,0.45,0.15,0.0,0.0
2026-08-01 03:00:00,26.8,26.9,75.933815,66.97847,0.0,0.0,0.44721362,0.65000004,0.0,0.0
2026-08-01 04:00:00,26.35,26.25,78.45032,68.10274,0.0,0.0,0.15,0.6708204,0.0,0.0
2026-08-01 05:00:00,25.7,25.6,82.02362,70.119934,0.0,0.0,0.22360681,1.3124405,0.0,0.0
2026-08-01 06:00:00,25.2,25.0,85.53013,72.89362,0.0,0.0,1.2529964,1.0062306,0.0,0.0
2026-08-01 07:00:00,24.5,24.65,90.81656,75.360855,0.0,0.0,0.73824114,0.07071068,0.0,0.0
2026-08-01 08:00:00,24.45,24.65,90.2645,82.90428,0.0,0.0,0.559017,1.6401219,29.0,29.0
2026-08-01 09:00:00,26.1,26.05,78.65399,76.749664,0.0,0.0,1.0124229,1.2529964,169.0,169.0
2026-08-01 10:00:00,28.15,28.15,67.22892,64.40187,0.0,0.0,0.88459027,1.0062306,356.0,347.0
2026-08-01 11:00:00,30.4,30.5,56.552505,54.52264,0.0,0.0,1.8384775,1.746425,525.0,527.0
2026-08-01 12:00:00,32.9,32.85,47.58009,47.273853,0.0,0.0,2.1100948,2.074247,669.0,657.0
2026-08-01 13:00:00,35.55,34.9,40.41877,41.898613,0.0,0.0,2.6100767,2.9567719,832.0,750.0
2026-08-01 14:00:00,36.9,36.85,40.40976,39.53702,0.0,0.0,3.3767588,3.0207615,863.0,879.0
2026-08-01 15:00:00,37.2,36.8,39.63148,40.75609,0.0,0.0,3.363406,3.153173,716.0,722.0
2026-08-01 16:00:00,36.65,37.15,41.092033,39.61799,0.0,0.0,3.6704903,2.7879202,556.0,719.0
2026-08-01 17:00:00,36.0,35.0,44.176327,45.696133,0.0,0.1,4.0503087,4.0199504,614.0,302.0
2026-08-01 18:00:00,34.95,35.3,47.387947,42.92215,0.0,0.0,2.8539445,2.5079873,415.0,508.0
2026-08-01 19:00:00,34.45,34.6,47.83857,45.311398,0.0,0.0,3.3767588,2.304886,315.0,260.0
2026-08-01 20:00:00,33.0,33.5,55.80568,50.44394,0.0,0.0,3.7165172,1.6643317,146.0,111.0
2026-08-01 21:00:00,31.8,32.1,59.717796,55.25096,0.0,0.0,2.3584952,2.5831182,55.0,49.0
2026-08-01 22:00:00,30.3,30.8,66.240715,60.586254,0.0,0.0,2.3430748,2.1552262,1.0,1.0
2026-08-01 23:00:00,29.25,29.75,71.86818,64.542244,0.0,0.0,1.8357561,1.0965856,0.0,0.0
2026-08-02 00:00:00,28.4,28.7,75.95321,68.788445,0.0,0.0,1.2083046,1.1067971,0.0,0.0
2026-08-02 01:00:00,27.55,27.75,80.29487,72.25895,0.0,0.0,0.585235,1.4773287,0.0,0.0
2026-08-02 02:00:00,26.75,26.85,83.14704,76.87099,0.0,0.0,1.806931,1.4764823,0.0,0.0
2026-08-02 03:00:00,26.5,26.1,84.38056,81.32897,0.0,0.0,1.0259142,0.85,0.0,0.0
2026-08-02 04:00:00,26.1,25.3,85.8783,85.02265,0.0,0.0,1.1401755,1.0124229,0.0,0.0
2026-08-02 05:00:00,25.6,24.6,87.39963,87.57701,0.0,0.0,0.5147815,0.5,0.0,0.0
2026-08-02 06:00:00,25.2,24.15,87.62917,88.88168,0.0,0.0,0.5830952,0.9013878,0.0,0.0
2026-08-02 07:00:00,24.75,23.6,87.85639,89.93043,0.0,0.0,0.86023253,0.6264982,0.0,0.0
2026-08-02 08:00:00,24.9,24.25,83.69626,80.84514,0.0,0.0,1.2539936,1.0124228,27.0,29.0
2026-08-02 09:00:00,26.65,26.65,76.14202,69.45507,0.0,0.0,1.5572411,0.6103278,158.0,175.0
2026-08-02 10:00:00,28.6,29.25,67.730194,58.405884,0.0,0.0,1.7117243,0.5147815,342.0,368.0
2026-08-02 11:00:00,31.2,32.1,56.225502,47.076225,0.0,0.0,1.443087,0.70710677,540.0,556.0
2026-08-02 12:00:00,34.35,35.05,44.416584,36.6795,0.0,0.0,0.4272002,0.99624294,714.0,720.0
2026-08-02 13:00:00,37.05,37.65,36.31233,30.238356,0.0,0.0,0.91787803,1.767767,839.0,841.0
2026-08-02 14:00:00,39.4,39.3,27.423288,28.544903,0.0,0.0,1.4422206,3.0805843,903.0,911.0
2026-08-02 15:00:00,40.75,39.45,25.514467,29.311792,0.0,0.0,2.2808988,4.1704316,908.0,915.0
2026-08-02 16:00:00,39.8,39.4,29.038675,29.575424,0.0,0.0,4.1692324,3.9537954,831.0,858.0
2026-08-02 17:00:00,38.8,39.0,30.737885,29.376736,0.0,0.0,4.5961943,3.1400635,707.0,717.0
2026-08-02 18:00:00,37.35,38.25,34.306847,29.455456,0.0,0.0,4.554394,2.3753946,560.0,567.0
2026-08-02 19:00:00,36.45,37.3,34.06263,31.11352,0.0,0.0,3.0647185,2.1029742,418.0,393.0
2026-08-02 20:00:00,36.0,35.85,32.266247,37.712074,0.0,0.0,1.5660459,2.236068,227.0,221.0
2026-08-02 21:00:00,34.9,34.05,35.16692,42.851376,0.0,0.0,1.423025,0.8062258,68.0,67.0
2026-08-02 22:00:00,33.0,32.65,43.373615,46.350952,0.0,0.0,2.6879358,1.0049876,1.0,1.0
2026-08-02 23:00:00,30.4,31.15,57.95962,50.30675,0.0,0.0,3.2649658,2.2594247,0.0,0.0
2026-08-03 00:00:00,28.75,29.35,68.381035,63.28785,0.0,0.0,2.2472205,2.4824383,0.0,0.0
2026-08-03 01:00:00,27.9,28.1,72.7257,73.202576,0.0,0.0,1.3647344,2.0229928,0.0,0.0
2026-08-03 02:00:00,27.2,27.3,77.391266,76.47406,0.0,0.0,0.98994946,0.49244288,0.0,0.0
2026-08-03 03:00:00,26.55,26.6,81.13967,79.44424,0.0,0.0,0.111803405,0.64031243,0.0,0.0
2026-08-03 04:00:00,25.8,25.9,84.05062,82.04796,0.0,0.0,0.47434163,1.0700467,0.0,0.0
2026-08-03 05:00:00,25.15,25.2,87.624855,83.72974,0.0,0.0,0.15,0.7106335,0.0,0.0
2026-08-03 06:00:00,24.5,24.6,89.99477,86.517815,0.0,0.0,0.44721362,0.07071068,0.0,0.0
2026-08-03 07:00:00,23.95,23.75,88.865906,91.87883,0.0,0.0,0.6324555,0.65192026,0.0,0.0
2026-08-03 08:00:00,24.35,24.35,81.85821,76.48887,0.0,0.0,1.2529964,0.3354102,28.0,28.0
2026-08-03 09:00:00,27.05,26.75,62.39778,66.12436,0.0,0.0,1.1661904,0.46097723,174.0,173.0
2026-08-03 10:00:00,30.65,30.4,38.208397,42.262325,0.0,0.0,1.5692356,0.9708244,368.0,365.0
2026-08-03 11:00:00,33.65,34.0,22.676714,21.428963,0.0,0.0,1.8439089,2.2343903,550.0,554.0
2026-08-03 12:00:00,35.9,36.65,18.582603,16.3773,0.0,0.0,1.3124405,1.6643317,689.0,725.0
2026-08-03 13:00:00,38.15,38.3,16.489683,14.565366,0.0,0.0,0.22360681,1.4916433,849.0,766.0
2026-08-03 14:00:00,39.05,39.45,14.524788,12.342159,0.0,0.0,2.2896507,3.1340866,904.0,836.0
2026-08-03 15:00:00,40.1,39.1,12.730434,12.231102,0.0,0.0,2.3307724,3.335416,901.0,579.0
2026-08-03 16:00:00,39.85,40.0,12.164581,11.5332985,0.0,0.0,2.236068,2.641969,499.0,644.0
2026-08-03 17:00:00,39.95,40.5,14.916235,10.730037,0.0,0.0,2.0670028,0.8902247,558.0,601.0
2026-08-03 18:00:00,38.3,39.15,25.946806,13.581553,0.0,0.4,1.9525625,2.4758837,467.0,454.0
2026-08-03 19:00:00,37.25,38.5,28.63609,17.72147,0.1,0.0,2.1029742,2.4622145,324.0,320.0
2026-08-03 20:00:00,34.35,37.35,40.093204,20.434792,0.0,0.0,3.1,2.5739074,193.0,219.0
2026-08-03 21:00:00,32.5,35.3,45.73871,25.75008,0.0,0.0,2.9090378,2.4989996,61.0,64.0
2026-08-03 22:00:00,30.75,33.05,55.94497,31.976942,0.0,0.0,3.0103986,1.4705442,0.0,0.0
2026-08-03 23:00:00,29.75,30.55,60.163986,52.384373,0.0,0.0,2.0223749,2.9347062,0.0,0.0
2026-08-04 00:00:00,28.95,29.0,62.622414,58.891216,0.0,0.0,0.801561,1.1543397,0.0,0.0
2026-08-04 01:00:00,28.25,28.35,65.2196,60.40234,0.0,0.0,0.15,0.46097723,0.0,0.0
2026-08-04 02:00:00,26.75,27.35,75.925964,63.048485,0.0,0.0,0.35355338,0.31622776,0.0,0.0
2026-08-04 03:00:00,25.85,26.75,79.34144,64.303154,0.0,0.0,1.0965856,0.8746428,0.0,0.0
2026-08-04 04:00:00,25.3,26.1,78.06028,66.60936,0.0,0.0,1.8200275,1.1011357,0.0,0.0
2026-08-04 05:00:00,25.55,25.5,56.798813,66.48685,0.0,0.0,1.9659604,1.5264337,0.0,0.0
2026-08-04 06:00:00,25.45,24.95,41.57464,63.114937,0.0,0.0,1.990603,1.5206907,0.0,0.0
2026-08-04 07:00:00,24.85,24.85,38.47579,52.932533,0.0,0.0,2.1029742,2.0248456,0.0,0.0
2026-08-04 08:00:00,24.75,25.6,41.24141,33.369064,0.0,0.0,2.2327113,1.8445866,27.0,27.0
2026-08-04 09:00:00,27.8,28.25,33.20285,28.55614,0.0,0.0,2.030394,1.9137658,170.0,170.0
2026-08-04 10:00:00,30.9,31.2,27.484665,25.17834,0.0,0.0,2.2051077,2.1213202,362.0,363.0
2026-08-04 11:00:00,33.45,33.65,24.437782,23.137907,0.0,0.0,2.3711812,2.4010415,552.0,553.0
2026-08-04 12:00:00,35.8,35.9,21.375095,20.69703,0.0,0.0,1.944865,2.0506098,716.0,717.0
2026-08-04 13:00:00,37.65,37.7,18.433054,17.835396,0.0,0.0,0.50990194,0.9617692,839.0,839.0
2026-08-04 14:00:00,38.25,38.7,17.311152,16.669027,0.0,0.0,0.2915476,0.89442724,908.0,909.0
2026-08-04 15:00:00,39.8,39.5,15.659064,15.593724,0.0,0.0,0.95524865,1.0770329,919.0,920.0
2026-08-04 16:00:00,40.55,40.4,14.792427,14.710764,0.0,0.0,1.2619429,0.5,868.0,869.0
2026-08-04 17:00:00,39.15,39.2,20.8733,20.681349,0.0,0.0,3.764306,3.8327537,760.0,760.0
2026-08-04 18:00:00,37.7,37.45,23.708458,23.338184,0.0,0.0,4.4777226,4.785394,610.0,611.0
2026-08-04 19:00:00,37.0,36.9,24.39073,23.274847,0.0,0.0,3.538361,3.4702306,429.0,429.0
2026-08-04 20:00:00,35.65,35.05,25.841791,24.44795,0.0,0.0,3.2927952,3.2931747,233.0,235.0
2026-08-04 21:00:00,34.5,33.6,27.902855,26.944082,0.0,0.0,2.2410934,2.4010415,66.0,66.0
2026-08-04 22:00:00,32.45,32.2,34.27264,31.23029,0.0,0.0,2.5019991,1.3462912,0.0,1.0
2026-08-04 23:00:00,29.6,30.7,60.129795,44.68917,0.0,0.0,3.5598454,3.6200829,0.0,0.0
2026-08-05 00:00:00,28.35,28.5,64.44421,65.27161,0.0,0.0,2.2051077,2.4884734,0.0,0.0
2026-08-05 01:00:00,28.0,27.65,64.5686,69.8574,0.0,0.0,0.2915476,0.76321685,0.0,0.0
2026-08-05 02:00:00,27.4,27.05,65.444954,69.744774,0.0,0.0,0.9124143,0.26925823,0.0,0.0
2026-08-05 03:00:00,26.45,26.4,68.142044,69.837265,0.0,0.0,1.25,0.77620876,0.0,0.0
2026-08-05 04:00:00,25.55,25.65,69.893326,69.26436,0.0,0.0,1.2816006,0.7433034,0.0,0.0
2026-08-05 05:00:00,24.9,24.95,69.77047,69.77991,0.0,0.0,0.585235,0.05,0.0,0.0
2026-08-05 06:00:00,24.4,24.35,70.113,74.15216,0.0,0.0,0.07071068,0.41231057,0.0,0.0
2026-08-05 07:00:00,24.05,23.8,69.60873,79.30184,0.0,0.0,0.111803405,0.4031129,0.0,0.0
2026-08-05 08:00:00,24.05,24.3,71.60015,78.3973,0.0,0.0,0.4031129,0.68007356,25.0,25.0
2026-08-05 09:00:00,26.65,26.6,63.288757,68.38238,0.0,0.0,0.38078865,0.57008773,165.0,165.0
2026-08-05 10:00:00,29.05,28.6,55.186752,61.589664,0.0,0.0,1.3313527,1.3435029,354.0,354.0
2026-08-05 11:00:00,31.4,30.65,47.185024,55.236515,0.0,0.0,1.6007811,1.9678669,543.0,545.0
2026-08-05 12:00:00,33.6,32.55,41.677,50.200855,0.0,0.0,2.1095023,2.5460753,706.0,696.0
2026-08-05 13:00:00,35.3,34.15,38.75328,44.637955,0.0,0.0,3.051639,3.2144206,818.0,793.0
2026-08-05 14:00:00,36.15,35.35,38.984154,39.009014,0.0,0.0,3.8327534,3.8639357,890.0,878.0
2026-08-05 15:00:00,36.65,36.1,36.2037,34.614635,0.0,0.0,4.250294,4.193149,901.0,897.0
2026-08-05 16:00:00,36.45,36.2,36.03677,34.53324,0.0,0.0,4.2107005,4.3911843,851.0,857.0
2026-08-05 17:00:00,35.7,35.5,36.398476,36.230118,0.0,0.0,4.2145576,4.522444,718.0,748.0
2026-08-05 18:00:00,34.8,34.65,35.474472,36.34027,0.0,0.0,3.9156737,4.0028114,550.0,575.0
2026-08-05 19:00:00,33.85,33.4,37.996544,39.08863,0.0,0.0,3.8512983,3.8013155,388.0,368.0
2026-08-05 20:00:00,32.5,32.25,43.646805,39.64492,0.0,0.0,3.1575305,3.1144822,205.0,212.0
2026-08-05 21:00:00,30.45,30.55,52.35909,46.51854,0.0,0.0,3.1535695,3.1780496,60.0,61.0
2026-08-05 22:00:00,29.25,29.1,59.49743,55.199028,0.0,0.0,2.6086395,2.5831182,0.0,0.0
2026-08-05 23:00:00,28.35,28.05,64.44421,63.200844,0.0,0.0,2.0130823,2.0615528,0.0,0.0
2026-08-06 00:00:00,27.7,27.25,68.806366,69.78237,0.0,0.0,1.328533,1.4150972,0.0,0.0
2026-08-06 01:00:00,27.1,26.6,73.70318,76.134224,0.0,0.0,0.86023253,1.3313527,0.0,0.0
2026-08-06 02:00:00,26.3,26.05,80.61767,83.318504,0.0,0.0,0.81394106,0.7106335,0.0,0.0
2026-08-06 03:00:00,26.0,25.6,83.81854,86.6114,0.0,0.0,0.86023253,0.6264982,0.0,0.0
2026-08-06 04:00:00,25.55,25.05,86.606735,90.03379,0.0,0.0,0.559017,0.55,0.0,0.0
2026-08-06 05:00:00,25.05,24.65,88.952194,91.37734,0.0,0.0,0.6041523,0.4272002,0.0,0.0
2026-08-06 06:00:00,24.6,24.2,90.27489,91.349495,0.0,0.0,0.6264982,0.5024938,0.0,0.0
2026-08-06 07:00:00,24.3,23.7,90.528404,91.04075,0.0,0.0,0.57008773,0.52201533,0.0,0.0
2026-08-06 08:00:00,24.35,24.55,89.16798,84.68591,0.0,0.0,0.98234415,0.71589106,21.0,23.0
2026-08-06 09:00:00,26.45,26.4,79.42373,77.981575,0.0,0.0,0.68007356,0.7516648,154.0,150.0
2026-08-06 10:00:00,28.1,28.2,71.01409,68.9023,0.0,0.0,1.2349088,1.6985288,330.0,335.0
2026-08-06 11:00:00,30.1,29.8,59.146603,60.36013,0.0,0.0,1.5572411,2.192031,523.0,505.0
2026-08-06 12:00:00,32.4,31.85,48.78902,51.27164,0.0,0.0,1.9416488,2.316247,693.0,664.0
2026-08-06 13:00:00,34.65,33.85,41.44368,44.146152,0.0,0.0,2.3584952,2.7577164,819.0,796.0
2026-08-06 14:00:00,35.65,35.15,40.948776,40.310425,0.0,0.0,3.0004165,3.4223528,884.0,877.0
2026-08-06 15:00:00,36.15,35.5,38.984154,39.415443,0.0,0.0,3.5556293,3.8529208,879.0,876.0
2026-08-06 16:00:00,36.05,35.5,37.29926,38.566887,0.0,0.0,3.5003572,3.550352,824.0,819.0
2026-08-06 17:00:00,35.85,35.35,37.013107,37.929768,0.0,0.0,3.5128336,3.600347,705.0,713.0
2026-08-06 18:00:00,35.15,34.7,39.32036,38.109325,0.0,0.0,3.7013512,3.6417713,533.0,566.0
2026-08-06 19:00:00,33.85,33.5,42.664642,41.260826,0.0,0.0,3.550352,3.3034072,350.0,363.0
2026-08-06 20:00:00,32.3,32.05,46.25815,46.19174,0.0,0.0,3.008322,3.1642535,201.0,208.0
2026-08-06 21:00:00,30.65,30.2,53.227577,54.78664,0.0,0.0,2.3505318,2.9567719,58.0,55.0
2026-08-06 22:00:00,29.45,28.9,61.968273,62.80402,0.0,0.0,2.5961509,2.0796633,0.0,0.0
2026-08-06 23:00:00,28.35,27.95,70.20119,69.06508,0.0,0.0,2.3420076,1.9026297,0.0,0.0
2026-08-07 00:00:00,27.7,27.25,73.58004,75.086464,0.0,0.0,1.3009611,1.607016,0.0,0.0
2026-08-07 01:00:00,27.1,26.55,76.90871,79.92055,0.0,0.0,1.17047,1.0770329,0.0,0.0
2026-08-07 02:00:00,26.2,25.95,78.42894,82.803856,0.0,0.0,0.7211103,0.6726812,0.0,0.0
2026-08-07 03:00:00,25.8,25.35,81.29124,86.3263,0.0,0.0,0.8544004,0.5830952,0.0,0.0
2026-08-07 04:00:00,25.2,24.75,85.53013,89.198616,0.0,0.0,0.6726812,0.47434163,0.0,0.0
2026-08-07 05:00:00,24.65,24.2,88.65158,91.07279,0.0,0.0,0.32015622,0.30413812,0.0,0.0
2026-08-07 06:00:00,24.1,23.6,91.34329,93.277855,0.0,0.0,0.31622776,0.22360681,0.0,0.0
2026-08-07 07:00:00,23.5,23.1,93.84176,95.26313,0.0,0.0,0.4031129,0.46097723,0.0,0.0
2026-08-07 08:00:00,23.6,23.5,92.4309,96.43907,0.0,0.0,0.65000004,0.6041523,23.0,23.0
2026-08-07 09:00:00,25.85,25.45,80.5591,85.29627,0.0,0.0,0.31622776,0.0,161.0,156.0
2026-08-07 10:00:00,28.1,27.55,67.21895,72.66519,0.0,0.0,0.7433034,0.56568545,350.0,348.0
2026-08-07 11:00:00,30.45,29.95,53.508003,56.096733,0.0,0.0,1.0124229,0.83216584,539.0,541.0
2026-08-07 12:00:00,33.05,32.6,41.138454,41.929478,0.0,0.0,1.4080129,1.3341664,702.0,705.0
2026-08-07 13:00:00,35.6,35.1,32.67272,33.058792,0.0,0.0,1.8439089,1.7846568,824.0,829.0
2026-08-07 14:00:00,37.25,36.9,30.41903,29.375296,0.0,0.0,2.4413111,2.1931713,896.0,900.0
2026-08-07 15:00:00,38.1,37.7,30.45458,29.123503,0.0,0.0,2.6631746,2.9129024,893.0,891.0
2026-08-07 16:00:00,38.05,37.65,31.413582,29.952768,0.0,0.0,3.1910028,3.4409301,796.0,823.0
2026-08-07 17:00:00,37.3,37.2,34.29331,33.003048,0.0,0.0,3.4252737,3.355965,692.0,717.0
2026-08-07 18:00:00,36.65,36.4,35.64398,35.910908,0.0,0.0,3.7963798,3.538361,514.0,570.0
2026-08-07 19:00:00,35.95,34.95,35.900673,40.131226,0.0,0.0,3.0207615,3.4205263,390.0,378.0
2026-08-07 20:00:00,33.9,33.65,40.09609,45.198566,0.0,0.0,3.3837848,3.0647185,215.0,214.0
2026-08-07 21:00:00,32.4,31.8,43.756676,51.25893,0.0,0.0,2.6580067,2.5932605,57.0,57.0
2026-08-07 22:00:00,31.0,30.45,47.5235,55.700497,0.0,0.0,2.05,2.1023796,0.0,0.0
2026-08-07 23:00:00,29.75,29.35,52.019012,62.136307,0.0,0.0,0.83216584,1.17047,0.0,0.0
2026-08-08 00:00:00,28.8,28.35,57.760098,68.51209,0.0,0.0,0.6264982,0.91787803,0.0,0.0
2026-08-08 01:00:00,27.75,27.55,64.71502,74.45394,0.0,0.0,0.53851646,0.88600224,0.0,0.0
2026-08-08 02:00:00,26.7,27.0,66.731285,74.81807,0.0,0.0,0.20615529,0.31622776,0.0,0.0
2026-08-08 03:00:00,25.95,26.15,66.578804,80.35377,0.0,0.0,0.53851646,0.15811388,0.0,0.0
2026-08-08 04:00:00,25.25,25.35,67.271965,83.4922,0.0,0.0,0.45,0.22360681,0.0,0.0
2026-08-08 05:00:00,24.6,24.6,68.84648,84.43301,0.0,0.0,0.20615529,0.65764725,0.0,0.0
2026-08-08 06:00:00,24.05,24.05,70.487724,82.579765,0.0,0.0,0.07071068,0.69641936,0.0,0.0
2026-08-08 07:00:00,23.45,23.65,71.94192,78.79094,0.0,0.0,0.36055514,0.64031243,0.0,0.0
2026-08-08 08:00:00,23.75,23.9,71.77044,73.157486,0.0,0.0,0.85586214,0.9552486,23.0,23.0
2026-08-08 09:00:00,26.15,26.2,62.785374,63.38846,0.0,0.0,0.78262377,0.45,161.0,162.0
2026-08-08 10:00:00,28.4,28.5,58.387085,57.68883,0.0,0.0,0.65000004,0.65764725,353.0,355.0
2026-08-08 11:00:00,31.25,31.35,49.24973,48.97022,0.0,0.0,0.38078865,0.99247164,539.0,546.0
2026-08-08 12:00:00,34.55,34.65,36.312916,35.098534,0.0,0.0,1.3238201,1.4142135,702.0,713.0
2026-08-08 13:00:00,37.4,37.5,25.218842,23.19884,0.0,0.0,2.236068,2.1662178,829.0,837.0
2026-08-08 14:00:00,39.1,39.35,20.792902,18.832012,0.0,0.0,3.0927334,2.8900692,902.0,907.0
2026-08-08 15:00:00,39.5,39.7,20.484459,18.976772,0.0,0.0,3.5146124,3.6431444,896.0,904.0
2026-08-08 16:00:00,39.3,39.65,19.77566,18.71608,0.0,0.0,4.100305,4.0844216,842.0,857.0
2026-08-08 17:00:00,38.6,39.0,20.80755,19.574278,0.0,0.0,4.215744,4.225222,735.0,751.0
2026-08-08 18:00:00,37.55,38.25,24.215578,20.722176,0.0,0.0,4.1146083,3.9118412,600.0,600.0
2026-08-08 19:00:00,36.2,37.0,26.929749,22.622099,0.0,0.0,3.9195027,3.7583241,411.0,409.0
2026-08-08 20:00:00,34.3,35.25,33.798496,28.194374,0.0,0.0,3.7473323,3.0675724,223.0,222.0
2026-08-08 21:00:00,31.95,32.9,44.186657,38.339523,0.0,0.0,2.9769952,2.9274564,57.0,57.0
2026-08-08 22:00:00,30.25,30.95,55.309315,53.632584,0.0,0.0,2.7572632,2.7663152,0.0,0.0
2026-08-08 23:00:00,29.25,29.6,62.880215,64.11896,0.0,0.0,2.1023796,2.3086793,0.0,0.0
2026-08-09 00:00:00,28.55,28.55,67.927124,70.45166,0.0,0.0,1.5297059,1.6124516,0.0,0.0
2026-08-09 01:00:00,27.9,27.7,72.06588,75.61503,0.0,0.0,0.78262377,1.054751,0.0,0.0
2026-08-09 02:00:00,27.1,27.0,72.36561,76.428085,0.0,0.0,0.65764725,0.57008773,0.0,0.0
2026-08-09 03:00:00,26.85,26.4,75.71081,80.38662,0.0,0.0,0.1,0.70710677,0.0,0.0
2026-08-09 04:00:00,26.0,26.05,74.65511,81.81769,0.0,0.0,0.44721362,0.22360681,0.0,0.0
2026-08-09 05:00:00,25.15,25.2,75.90757,83.984856,0.0,0.0,0.45276925,0.5024938,0.0,0.0
2026-08-09 06:00:00,24.45,24.35,79.14757,87.288895,0.0,0.0,1.0793515,1.4221463,0.0,0.0
2026-08-09 07:00:00,23.6,23.7,81.261696,88.84617,0.0,0.0,1.2658988,1.25,0.0,0.0
2026-08-09 08:00:00,23.75,24.0,76.395836,81.563385,0.0,0.0,1.35,1.471394,21.0,22.0
2026-08-09 09:00:00,26.6,26.4,62.10372,68.34336,0.0,0.0,0.8732125,0.95524865,157.0,159.0
2026-08-09 10:00:00,29.55,29.4,49.579723,51.122444,0.0,0.0,0.7566373,0.86023253,347.0,351.0
2026-08-09 11:00:00,31.45,31.75,46.031986,40.654247,0.0,0.0,1.5572411,1.3892444,520.0,542.0
2026-08-09 12:00:00,33.65,33.9,40.660393,33.796875,0.0,0.0,1.9293782,1.8741665,689.0,708.0
2026-08-09 13:00:00,35.75,36.1,36.1848,29.161219,0.0,0.0,2.0130823,1.9137659,825.0,831.0
2026-08-09 14:00:00,36.95,38.2,35.28318,27.98617,0.0,0.0,2.6476402,2.3837993,892.0,900.0
2026-08-09 15:00:00,37.8,38.75,33.686657,29.218134,0.0,0.0,3.1,3.2015622,898.0,906.0
2026-08-09 16:00:00,37.9,38.6,34.029976,30.877386,0.0,0.0,2.9274564,3.3503728,802.0,858.0
2026-08-09 17:00:00,37.45,37.85,36.19601,33.490746,0.0,0.0,3.8658762,3.65,655.0,735.0
2026-08-09 18:00:00,36.9,36.85,37.29851,35.47657,0.0,0.0,2.8635643,3.4503622,517.0,522.0
2026-08-09 19:00:00,35.65,35.9,40.072174,36.91133,0.0,0.0,3.508917,2.795085,272.0,369.0
2026-08-09 20:00:00,33.95,33.95,47.708225,48.59274,0.0,0.0,3.309456,2.9261749,204.0,204.0
2026-08-09 21:00:00,31.6,31.95,59.672188,56.577335,0.0,0.0,3.2962098,2.8146937,50.0,52.0
2026-08-09 22:00:00,30.45,30.55,66.67181,63.738247,0.0,0.0,2.5622256,2.6086395,0.0,0.0
2026-08-09 23:00:00,29.7,29.4,71.30208,71.03413,0.0,0.0,1.6530275,1.9416487,0.0,0.0
2026-08-10 00:00:00,28.95,28.75,75.58383,74.64946,0.0,0.0,1.1672617,0.98234415,0.0,0.0
2026-08-10 01:00:00,28.25,28.0,79.429596,79.15759,0.0,0.0,0.88600224,0.8544004,0.0,0.0
2026-08-10 02:00:00,27.6,27.35,83.9941,81.73042,0.0,0.0,1.6007811,0.68007356,0.0,0.0
2026-08-10 03:00:00,27.15,26.7,87.274155,85.166306,0.0,0.0,1.1884865,0.5408327,0.0,0.0
2026-08-10 04:00:00,26.85,26.05,89.35737,88.49677,0.0,0.0,0.781025,0.7433034,0.0,0.0
2026-08-10 05:00:00,26.45,25.45,90.94317,91.42653,0.0,0.0,1.5976546,0.46097723,0.0,0.0
2026-08-10 06:00:00,25.9,24.85,91.72825,93.05782,0.0,0.0,0.85,0.6363961,0.0,0.0
2026-08-10 07:00:00,25.6,24.25,91.986,93.59196,0.0,0.0,0.42426407,0.6726812,0.0,0.0
2026-08-10 08:00:00,25.8,25.0,90.08663,89.75868,0.0,0.0,1.2658988,0.79056937,18.0,20.0
2026-08-10 09:00:00,28.1,26.65,78.69754,81.64424,0.0,0.0,0.92195445,0.31622776,132.0,154.0
2026-08-10 10:00:00,29.85,28.45,70.26551,71.50971,0.0,0.0,0.60207975,0.559017,320.0,340.0
2026-08-10 11:00:00,31.85,30.75,61.005695,58.755947,0.0,0.0,0.61846584,0.99247164,512.0,530.0
2026-08-10 12:00:00,33.8,33.35,51.139397,46.53609,0.0,0.0,1.5700318,1.3901439,602.0,694.0
2026-08-10 13:00:00,35.55,35.7,44.462997,39.1041,0.0,0.0,1.9557607,1.7262677,727.0,815.0
2026-08-10 14:00:00,36.15,37.4,46.138477,37.203674,0.0,0.0,2.3334522,2.3505318,726.0,836.0
2026-08-10 15:00:00,35.15,35.05,47.874763,38.806156,0.1,0.0,3.05,2.2135942,470.0,739.0
2026-08-10 16:00:00,35.1,36.1,45.44373,42.611286,0.0,0.1,3.508917,2.5985572,512.0,466.0
2026-08-10 17:00:00,33.95,35.25,48.00148,48.046345,0.1,0.0,3.0417922,3.6448593,585.0,309.0
2026-08-10 18:00:00,34.1,35.6,48.631603,48.42917,0.2,0.0,1.5305228,2.754088,291.0,502.0
2026-08-10 19:00:00,34.35,34.55,48.105553,52.26788,0.0,0.0,2.6575365,3.3615472,270.0,293.0
2026-08-10 20:00:00,33.45,33.4,44.58914,55.397682,0.0,0.0,3.1945267,2.8844411,157.0,176.0
2026-08-10 21:00:00,31.45,31.95,53.26313,59.932777,0.0,0.0,2.2102036,1.9241881,45.0,50.0
2026-08-10 22:00:00,30.35,30.9,60.484703,63.62017,0.0,0.0,0.6103278,1.4008926,0.0,0.0
2026-08-10 23:00:00,29.65,30.1,64.12957,66.200226,0.0,0.0,0.46097723,1.0547512,0.0,0.0
2026-08-11 00:00:00,29.05,29.3,65.58548,69.3213,0.0,0.0,1.4008926,1.360147,0.0,0.0
2026-08-11 01:00:00,28.3,28.5,68.293785,72.389915,0.0,0.0,1.4080129,1.4150972,0.0,0.0
2026-08-11 02:00:00,26.4,27.6,81.86059,70.92327,0.0,0.0,0.20615529,0.98994946,0.0,0.0
2026-08-11 03:00:00,26.25,26.8,82.83888,75.014046,0.0,0.0,0.0,0.93941474,0.0,0.0
2026-08-11 04:00:00,25.55,26.15,85.04846,78.66106,0.0,0.0,0.18027757,0.559017,0.0,0.0
2026-08-11 05:00:00,24.85,25.65,88.667595,80.77877,0.0,0.0,0.44721362,0.2915476,0.0,0.0
2026-08-11 06:00:00,24.4,24.95,89.98765,83.957344,0.0,0.0,0.43011627,0.585235,0.0,0.0
2026-08-11 07:00:00,24.05,24.3,90.787,87.01879,0.0,0.0,0.8,0.7,0.0,0.0
2026-08-11 08:00:00,23.75,24.6,90.4911,87.57701,0.0,0.0,1.1884865,0.83216584,18.0,19.0
2026-08-11 09:00:00,26.45,26.95,75.64769,79.25189,0.0,0.0,0.8732125,0.45276925,147.0,138.0
2026-08-11 10:00:00,28.75,28.65,64.13447,72.41603,0.0,0.0,1.0816654,0.35,338.0,312.0
2026-08-11 11:00:00,30.85,30.7,54.440838,60.19594,0.0,0.0,1.0630146,0.47434163,520.0,504.0
2026-08-11 12:00:00,33.25,33.0,45.796032,50.780724,0.0,0.0,0.75,0.6946222,686.0,674.0
2026-08-11 13:00:00,35.4,35.2,38.901367,43.560207,0.0,0.0,0.76485294,0.82764727,816.0,803.0
2026-08-11 14:00:00,36.85,37.0,33.95785,38.377903,0.0,0.0,1.0920165,1.5953057,863.0,860.0
2026-08-11 15:00:00,38.65,37.65,28.553314,36.362427,0.0,0.0,2.376973,2.6925824,827.0,805.0
2026-08-11 16:00:00,37.9,37.25,28.992294,28.182451,0.0,0.5,4.0496917,3.7583241,654.0,748.0
2026-08-11 17:00:00,36.1,36.0,41.834507,32.47145,0.0,0.0,4.318565,3.3120992,531.0,375.0
2026-08-11 18:00:00,35.3,35.45,44.532772,40.142216,0.0,0.0,4.0,3.905445,476.0,461.0
2026-08-11 19:00:00,34.3,34.4,46.07395,45.959057,0.0,0.0,3.8242645,3.224903,352.0,382.0
2026-08-11 20:00:00,32.95,32.85,52.50388,51.525402,0.0,0.0,3.0700164,3.0438461,187.0,198.0
2026-08-11 21:00:00,31.7,31.4,55.832,59.989475,0.0,0.0,2.4698176,2.4005208,45.0,48.0
2026-08-11 22:00:00,30.5,30.2,61.63461,67.22756,0.0,0.0,2.6119914,2.1783023,0.0,0.0
2026-08-11 23:00:00,29.4,29.3,68.92223,71.66091,0.0,0.0,2.200568,1.9525625,0.0,0.0
2026-08-12 00:00:00,28.55,28.55,74.84212,75.29408,0.0,0.0,1.7066048,1.8124568,0.0,0.0
2026-08-12 01:00:00,28.0,27.75,79.395584,79.600426,0.0,0.0,0.07071068,1.0547512,0.0,0.0
2026-08-12 02:00:00,27.5,27.0,79.56662,76.66053,0.0,0.0,0.15,0.5408327,0.0,0.0
2026-08-12 03:00:00,26.85,26.3,81.177605,80.12996,0.0,0.0,0.4272002,0.60827625,0.0,0.0
2026-08-12 04:00:00,26.05,25.5,83.570946,83.255806,0.0,0.0,0.7106335,0.73824114,0.0,0.0
2026-08-12 05:00:00,25.35,24.85,85.80482,85.23518,0.0,0.0,0.49497473,0.41231057,0.0,0.0
2026-08-12 06:00:00,24.65,24.25,89.46172,87.54643,0.0,0.0,0.52201533,0.45276925,0.0,0.0
2026-08-12 07:00:00,23.95,23.8,94.4319,89.12566,0.0,0.0,0.76321685,0.585235,0.0,0.0
2026-08-12 08:00:00,23.8,24.45,94.14012,84.416885,0.0,0.0,0.7,0.35355338,18.0,18.0
2026-08-12 09:00:00,26.55,26.75,78.00331,74.322365,0.0,0.0,0.05,0.46097723,149.0,134.0
2026-08-12 10:00:00,29.05,28.6,65.58548,70.88937,0.0,0.0,0.801561,0.4031129,337.0,321.0
2026-08-12 11:00:00,31.25,30.65,56.929684,61.855473,0.0,0.0,1.285496,0.57008773,518.0,503.0
2026-08-12 12:00:00,33.35,32.9,51.02535,52.171886,0.0,0.0,1.5074813,0.95524865,677.0,678.0
2026-08-12 13:00:00,35.35,35.1,44.409847,43.93679,0.0,0.0,2.1708293,1.7262677,800.0,807.0
2026-08-12 14:00:00,36.1,37.1,43.004402,37.122383,0.0,0.0,2.5,2.4505103,874.0,879.0
2026-08-12 15:00:00,36.95,37.95,40.42322,34.683903,0.0,0.0,2.7856774,3.05,857.0,886.0
2026-08-12 16:00:00,37.25,38.15,37.27807,33.25974,0.0,0.0,2.9769952,3.0417922,789.0,824.0
2026-08-12 17:00:00,36.65,38.05,36.543217,31.611288,0.0,0.0,3.363406,3.1400635,509.0,667.0
2026-08-12 18:00:00,36.7,36.95,35.215275,34.520714,0.0,0.0,3.3871078,3.8745968,486.0,482.0
2026-08-12 19:00:00,35.1,35.3,39.55227,39.483696,0.0,0.0,3.8551912,4.3571777,326.0,346.0
2026-08-12 20:00:00,33.2,33.5,46.20983,43.64372,0.0,0.0,3.4557922,4.060788,173.0,177.0
2026-08-12 21:00:00,31.2,31.7,51.582745,50.137074,0.0,0.0,2.9605744,2.6386547,16.0,19.0
2026-08-12 22:00:00,29.85,30.25,56.945286,56.690792,0.0,0.0,2.433105,2.832402,0.0,0.0
2026-08-12 23:00:00,29.0,28.85,63.018772,66.349396,0.0,0.0,1.718284,2.7372432,0.0,0.0
2026-08-13 00:00:00,28.35,28.0,69.98808,75.43407,0.0,0.0,0.31622776,1.8788295,0.0,0.0
2026-08-13 01:00:00,27.8,27.35,73.151474,81.24057,0.0,0.0,0.25495097,0.7017834,0.0,0.0
2026-08-13 02:00:00,26.8,26.9,85.94644,80.695335,0.0,0.0,0.20615529,0.35355338,0.0,0.0
2026-08-13 03:00:00,26.4,26.25,87.46974,83.08969,0.0,0.0,0.47169906,0.559017,0.0,0.0
2026-08-13 04:00:00,25.85,25.55,89.82011,86.08455,0.0,0.0,0.5024938,0.56568545,0.0,0.0
2026-08-13 05:00:00,25.2,24.95,92.23998,87.607475,0.0,0.0,0.5315073,0.559017,0.0,0.0
2026-08-13 06:00:00,24.55,24.4,95.0268,87.826515,0.0,0.0,0.7516648,0.6,0.0,0.0
2026-08-13 07:00:00,24.1,23.85,97.037895,87.779274,0.0,0.0,1.1067971,0.65764725,0.0,0.0
2026-08-13 08:00:00,24.1,24.0,95.0104,88.0605,0.0,0.0,1.1280514,1.3416408,17.0,17.0
2026-08-13 09:00:00,26.7,26.5,80.42586,73.60203,0.0,0.0,0.61846584,0.9124143,141.0,130.0
2026-08-13 10:00:00,29.15,29.0,64.21939,61.678783,0.0,0.0,0.25495097,0.5408327,320.0,311.0
2026-08-13 11:00:00,31.4,30.95,49.28873,51.679073,0.0,0.0,0.7433034,0.47434163,505.0,461.0
2026-08-13 12:00:00,33.65,33.1,39.404152,40.766075,0.0,0.0,1.2806249,0.91787803,668.0,614.0
2026-08-13 13:00:00,35.9,35.25,32.754242,33.62915,0.0,0.0,1.5890249,1.372953,797.0,726.0
2026-08-13 14:00:00,37.7,37.6,29.966139,27.738905,0.0,0.0,2.1662178,2.1023796,881.0,853.0
2026-08-13 15:00:00,38.6,38.45,28.091751,26.829908,0.0,0.0,3.176476,2.6856098,862.0,894.0
2026-08-13 16:00:00,38.6,38.55,26.869162,26.941822,0.0,0.0,2.7973201,2.863564,796.0,827.0
2026-08-13 17:00:00,38.3,38.0,27.308483,26.79778,0.0,0.0,2.624881,3.0203476,638.0,625.0
2026-08-13 18:00:00,37.15,37.6,30.975058,26.607388,0.0,0.0,2.976995,3.2572994,389.0,525.0
2026-08-13 19:00:00,36.1,36.25,36.16697,28.278786,0.0,0.0,2.8744566,3.3064332,298.0,311.0
2026-08-13 20:00:00,34.45,34.4,39.746346,36.04323,0.0,0.0,2.6215453,2.7577164,134.0,183.0
2026-08-13 21:00:00,32.55,32.75,47.48822,40.670567,0.0,0.0,2.0880613,1.7219175,33.0,45.0
2026-08-13 22:00:00,30.95,31.35,56.510822,46.87776,0.0,0.0,2.2561028,2.2549944,0.0,0.0
2026-08-13 23:00:00,29.6,30.0,63.72931,53.728268,0.0,0.0,1.603122,1.1011358,0.0,0.0
2026-08-14 00:00:00,28.65,29.0,68.988304,59.439713,0.0,0.0,1.1,0.7516648,0.0,0.0
2026-08-14 01:00:00,27.9,28.05,72.7257,65.1779,0.0,0.0,0.55,0.69641936,0.0,0.0
2026-08-14 02:00:00,27.3,27.5,78.822716,73.322975,0.0,0.0,0.7566373,0.76321685,0.0,0.0
2026-08-14 03:00:00,26.9,26.65,81.675095,78.73157,0.0,0.0,0.14142136,0.53851646,0.0,0.0
2026-08-14 04:00:00,26.1,26.05,84.59279,81.56986,0.0,0.0,0.28284273,0.4031129,0.0,0.0
2026-08-14 05:00:00,25.45,25.4,86.33581,82.99156,0.0,0.0,0.32015622,0.552268,0.0,0.0
2026-08-14 06:00:00,24.85,24.85,87.59878,82.17071,0.0,0.0,0.4272002,0.5024938,0.0,0.0
2026-08-14 07:00:00,24.35,24.3,87.82221,80.35545,0.0,0.0,0.47434163,0.36055514,0.0,0.0
2026-08-14 08:00:00,24.4,23.85,86.23563,88.04789,0.0,0.0,0.25,0.44721362,16.0,17.0
2026-08-14 09:00:00,26.7,25.95,73.18663,75.80042,0.0,0.0,0.6363961,0.32015622,143.0,148.0
2026-08-14 10:00:00,28.9,28.6,61.846504,61.02218,0.0,0.0,0.46097723,0.45276925,295.0,339.0
2026-08-14 11:00:00,31.5,31.6,48.25304,41.92161,0.0,0.0,0.5,0.45276925,495.0,528.0
2026-08-14 12:00:00,34.3,34.4,37.524734,29.940964,0.0,0.0,0.2915476,0.84852815,640.0,691.0
2026-08-14 13:00:00,36.95,37.0,28.012938,23.072231,0.0,0.0,0.47434163,1.25,765.0,817.0
2026-08-14 14:00:00,39.3,39.4,20.103481,17.988586,0.0,0.0,2.4129858,1.7327724,868.0,889.0
2026-08-14 15:00:00,37.8,39.9,23.12351,18.774632,0.0,0.0,3.6881566,3.2318726,803.0,874.0
2026-08-14 16:00:00,38.1,39.3,25.728966,23.654467,0.1,0.0,2.960152,3.4785054,647.0,839.0
2026-08-14 17:00:00,36.9,37.7,28.634417,28.121935,0.0,0.0,2.0155644,3.6908672,715.0,604.0
2026-08-14 18:00:00,37.25,37.25,30.03577,30.322815,0.0,0.0,2.2594247,2.55,442.0,563.0
2026-08-14 19:00:00,37.0,35.9,30.739351,35.999607,0.0,0.0,2.2343903,2.9415133,372.0,327.0
2026-08-14 20:00:00,34.9,34.05,39.008144,43.11812,0.0,0.0,3.2221887,3.1484122,176.0,177.0
2026-08-14 21:00:00,32.6,31.8,49.599495,49.087368,0.0,0.0,2.6683328,3.0516388,43.0,42.0
2026-08-14 22:00:00,30.45,30.4,61.436275,55.17543,0.0,0.0,3.463019,2.630589,0.0,0.0
2026-08-14 23:00:00,28.95,29.2,69.67619,61.723255,0.0,0.0,2.4186773,1.7564168,0.0,0.0
2026-08-15 00:00:00,28.0,28.2,76.35028,67.44486,0.0,0.0,1.4534442,1.3647344,0.0,0.0
2026-08-15 01:00:00,27.25,27.35,82.21088,73.745155,0.0,0.0,1.3238201,0.7566373,0.0,0.0
2026-08-15 02:00:00,26.8,26.55,84.15931,81.87896,0.0,0.0,0.98994946,0.92195445,0.0,0.0
2026-08-15 03:00:00,26.25,25.9,86.41142,85.59998,0.0,0.0,0.26925823,0.22360681,0.0,0.0
2026-08-15 04:00:00,25.65,25.2,87.66808,88.96386,0.0,0.0,0.50990194,0.22360681,0.0,0.0
2026-08-15 05:00:00,24.8,24.45,89.744156,92.198044,0.0,0.0,0.65000004,0.7,0.0,0.0
2026-08-15 06:00:00,23.95,23.7,93.294876,94.42173,0.0,0.0,0.49244288,0.801561,0.0,0.0
2026-08-15 07:00:00,23.15,23.05,96.723076,94.971924,0.0,0.0,0.9617692,0.6670832,0.0,0.0
2026-08-15 08:00:00,22.65,23.25,92.66212,94.69094,0.0,0.0,1.6807736,1.2093385,15.0,15.0
2026-08-15 09:00:00,25.25,25.45,74.99321,79.28631,0.0,0.0,0.8062258,0.801561,138.0,138.0
2026-08-15 10:00:00,28.5,28.3,57.86853,59.27757,0.0,0.0,1.0124229,0.7433034,321.0,333.0
2026-08-15 11:00:00,31.1,31.1,41.12589,42.319042,0.0,0.0,1.7356554,1.36565,476.0,526.0
2026-08-15 12:00:00,33.5,33.55,30.579128,32.11375,0.0,0.0,1.6560496,3.9588509,594.0,676.0
2026-08-15 13:00:00,35.6,34.75,23.79416,25.944565,0.0,0.0,1.2175796,1.8901058,674.0,590.0
2026-08-15 14:00:00,36.35,37.95,20.738358,20.377777,0.0,0.0,2.6100764,1.104536,535.0,887.0
2026-08-15 15:00:00,37.55,33.85,19.16453,29.792135,0.0,0.7,2.1731312,3.166228,819.0,631.0
2026-08-15 16:00:00,36.55,33.65,20.443829,29.353212,0.0,0.1,0.8902247,2.768122,559.0,399.0
2026-08-15 17:00:00,37.95,35.5,18.074411,25.053259,0.0,0.0,1.4773287,1.8357561,686.0,673.0
2026-08-15 18:00:00,36.8,35.15,20.165918,24.39328,0.0,0.0,1.8117672,2.1377556,341.0,456.0
2026-08-15 19:00:00,34.9,34.9,27.557907,25.06166,0.0,0.0,3.662308,2.8887713,224.0,346.0
2026-08-15 20:00:00,33.8,33.6,31.770033,31.308102,0.0,0.0,3.15,2.6504717,148.0,184.0
2026-08-15 21:00:00,30.8,32.15,56.648407,32.356365,0.0,0.0,3.5850384,3.1016126,41.0,33.0
2026-08-15 22:00:00,29.85,30.25,58.72666,40.76154,0.0,0.0,3.0066593,3.4677083,0.0,0.0
2026-08-15 23:00:00,29.2,28.8,65.416695,53.42789,0.0,0.0,2.209072,2.7658634,0.0,0.0
2026-08-16 00:00:00,28.35,27.9,74.3598,64.94636,0.0,0.0,1.7846568,1.05,0.0,0.0
2026-08-16 01:00:00,27.65,27.05,80.79181,73.91986,0.0,0.0,1.2539936,0.65000004,0.0,0.0
2026-08-16 02:00:00,26.2,26.55,70.666885,64.46078,0.0,0.0,1.1335784,0.4,0.0,0.0
2026-08-16 03:00:00,25.9,25.85,73.04932,69.949814,0.0,0.0,0.6103278,0.20615529,0.0,0.0
2026-08-16 04:00:00,24.7,25.25,74.90371,72.71162,0.0,0.0,0.6708204,0.30413812,0.0,0.0
2026-08-16 05:00:00,23.65,24.55,78.546906,73.72637,0.0,0.0,1.1101803,0.7017834,0.0,0.0
2026-08-16 06:00:00,22.95,24.0,79.430374,75.02227,0.0,0.0,1.1768602,0.801561,0.0,0.0
2026-08-16 07:00:00,22.6,23.35,78.39565,76.09564,0.0,0.0,1.3341664,1.0012492,0.0,0.0
2026-08-16 08:00:00,22.8,23.3,68.71184,89.08697,0.0,0.0,1.7720045,1.5532224,15.0,15.0
2026-08-16 09:00:00,24.6,25.25,58.59324,75.456985,0.0,0.0,1.8248286,1.3,137.0,139.0
2026-08-16 10:00:00,27.45,28.1,45.68496,56.34756,0.0,0.0,1.85,1.7102631,321.0,322.0
2026-08-16 11:00:00,30.4,30.75,36.213577,40.379616,0.0,0.0,1.5206907,1.1597414,496.0,503.0
2026-08-16 12:00:00,32.45,32.95,31.196894,32.68154,0.0,0.0,1.2727922,1.5811387,636.0,695.0
2026-08-16 13:00:00,34.35,34.9,30.810146,28.932968,0.0,0.0,2.7372432,2.3307724,798.0,810.0
2026-08-16 14:00:00,35.35,36.0,32.294895,31.257225,0.0,0.0,3.3015149,3.9156737,871.0,870.0
2026-08-16 15:00:00,35.35,36.05,33.443733,30.678705,0.0,0.0,4.4502807,4.509989,854.0,866.0
2026-08-16 16:00:00,35.3,35.6,34.944073,31.953695,0.0,0.0,4.6596675,4.025233,811.0,698.0
2026-08-16 17:00:00,34.75,35.25,36.025208,32.16501,0.0,0.0,3.0335624,3.7165172,683.0,595.0
2026-08-16 18:00:00,33.35,34.7,38.584717,34.341553,0.0,0.0,3.8890872,3.95506,319.0,465.0
2026-08-16 19:00:00,33.1,34.0,37.551743,35.480164,0.0,0.0,3.0319135,3.4503622,313.0,356.0
2026-08-16 20:00:00,32.4,32.2,39.812008,41.03605,0.0,0.0,3.1484122,3.2534597,178.0,183.0
2026-08-16 21:00:00,30.1,30.3,53.753185,51.353245,0.0,0.0,3.1256998,2.4581497,36.0,39.0
2026-08-16 22:00:00,28.55,29.05,69.17932,65.38569,0.0,0.0,2.910756,2.9068885,0.0,0.0
2026-08-16 23:00:00,27.65,28.0,77.45775,74.75324,0.0,0.0,1.806931,2.2192342,0.0,0.0
2026-08-17 00:00:00,27.0,27.2,83.17561,80.24887,0.0,0.0,0.60207975,1.6155494,0.0,0.0
2026-08-17 01:00:00,26.8,26.6,85.43247,84.13766,0.0,0.0,0.32015622,1.0124228,0.0,0.0
2026-08-17 02:00:00,26.05,25.9,86.132675,87.95393,0.0,0.0,0.81394106,0.14142136,0.0,0.0
2026-08-17 03:00:00,25.8,25.25,85.074196,89.236725,0.0,0.0,0.715891,0.8077747,0.0,0.0
2026-08-17 04:00:00,25.6,24.5,86.6114,90.81656,0.0,0.0,0.26925823,1.0307764,0.0,0.0
2026-08-17 05:00:00,25.05,23.8,88.14846,92.441864,0.0,0.0,0.32015622,1.2010412,0.0,0.0
2026-08-17 06:00:00,24.15,23.2,89.96982,93.25826,0.0,0.0,1.6194135,1.0049876,0.0,0.0
2026-08-17 07:00:00,24.0,22.8,84.627556,91.54214,0.0,0.0,1.5402921,1.1,0.0,0.0
2026-08-17 08:00:00,23.55,22.75,78.776726,88.22589,0.0,0.0,1.4080127,1.285496,13.0,14.0
2026-08-17 09:00:00,25.15,24.85,68.7384,74.92816,0.0,0.0,0.60207975,0.96176916,138.0,121.0
2026-08-17 10:00:00,28.1,27.95,58.49831,56.664856,0.0,0.0,0.57008773,1.029563,329.0,280.0
2026-08-17 11:00:00,30.8,29.8,50.845245,54.85806,0.0,0.0,1.3209845,1.1011357,504.0,468.0
2026-08-17 12:00:00,32.6,31.95,49.90576,48.071514,0.0,0.0,2.4989996,1.8384776,624.0,650.0
2026-08-17 13:00:00,33.85,34.15,47.828594,39.788994,0.0,0.0,3.5598454,2.7973201,746.0,793.0
2026-08-17 14:00:00,35.0,35.8,40.144794,30.416155,0.0,0.0,3.52881,3.1894357,820.0,846.0
2026-08-17 15:00:00,36.15,36.9,34.41133,26.767197,0.0,0.0,3.9003205,3.4132097,862.0,872.0
2026-08-17 16:00:00,36.85,37.05,29.082169,26.463274,0.0,0.0,3.7513332,4.2755113,833.0,819.0
2026-08-17 17:00:00,36.55,36.5,28.541187,25.811882,0.0,0.0,3.7752483,4.0650954,708.0,685.0
2026-08-17 18:00:00,35.3,35.8,30.184135,26.30609,0.0,0.0,4.1800117,3.5128336,495.0,510.0
2026-08-17 19:00:00,34.4,34.2,32.345905,31.168953,0.0,0.0,3.8013155,4.1027427,319.0,322.0
2026-08-17 20:00:00,32.55,32.65,40.87306,35.67656,0.0,0.0,3.103627,3.2003906,158.0,163.0
2026-08-17 21:00:00,30.75,30.75,49.736397,44.0015,0.0,0.0,2.269912,3.0565503,32.0,31.0
2026-08-17 22:00:00,29.55,29.2,58.296192,56.789455,0.0,0.0,1.4115593,2.0056171,0.0,0.0
2026-08-17 23:00:00,28.45,28.05,65.46152,65.1779,0.0,0.0,0.81394106,0.4272002,0.0,0.0
2026-08-18 00:00:00,27.4,27.55,71.32143,66.28818,0.0,0.0,0.85,0.18027757,0.0,0.0
2026-08-18 01:00:00,26.85,26.9,75.71081,67.810715,0.0,0.0,0.31622776,0.38078865,0.0,0.0
2026-08-18 02:00:00,25.55,26.0,77.38209,66.17567,0.0,0.0,0.18027757,0.61846584,0.0,0.0
2026-08-18 03:00:00,24.6,25.25,77.71818,66.0209,0.0,0.0,0.72801095,0.46097723,0.0,0.0
2026-08-18 04:00:00,23.9,24.4,75.47448,66.46971,0.0,0.0,0.8544004,0.57008773,0.0,0.0
2026-08-18 05:00:00,23.45,23.7,71.94192,65.28264,0.0,0.0,1.0735455,1.0062306,0.0,0.0
2026-08-18 06:00:00,22.75,22.95,69.5793,64.70913,0.0,0.0,1.0124228,1.0307764,0.0,0.0
2026-08-18 07:00:00,22.45,22.25,66.701775,65.39218,0.0,0.0,1.2816006,1.1401755,0.0,0.0
2026-08-18 08:00:00,22.55,22.45,62.783707,60.77088,0.0,0.0,1.4866068,1.5337862,14.0,14.0
2026-08-18 09:00:00,25.05,24.95,52.64336,51.274727,0.0,0.0,1.4840822,1.5264337,143.0,143.0
2026-08-18 10:00:00,28.5,28.35,43.11005,41.295288,0.0,0.0,1.0606601,1.2369317,337.0,337.0
2026-08-18 11:00:00,32.0,32.2,33.382793,30.324144,0.0,0.0,0.9013878,0.9124143,532.0,532.0
2026-08-18 12:00:00,34.9,35.25,23.380571,20.745495,0.0,0.0,0.9013878,0.715891,700.0,701.0
2026-08-18 13:00:00,37.25,37.35,17.61185,17.339243,0.0,0.0,1.7392527,2.294014,823.0,826.0
2026-08-18 14:00:00,38.9,38.3,16.997353,19.863043,0.0,0.0,2.910756,2.700463,892.0,891.0
2026-08-18 15:00:00,38.55,38.95,24.002254,21.587622,0.0,0.0,3.9080045,3.2760494,898.0,897.0
2026-08-18 16:00:00,38.0,38.9,26.71214,22.362736,0.0,0.0,3.9852855,3.8242645,843.0,844.0
2026-08-18 17:00:00,37.75,38.45,23.953684,21.115145,0.0,0.0,3.9115214,3.8108397,735.0,737.0
2026-08-18 18:00:00,37.1,37.55,23.173368,21.172485,0.0,0.0,3.2882366,3.662308,579.0,581.0
2026-08-18 19:00:00,36.15,36.5,28.52615,23.712196,0.0,0.0,3.0413814,3.1196957,390.0,389.0
2026-08-18 20:00:00,34.85,35.1,35.153244,28.24575,0.0,0.0,2.4884734,1.9912307,190.0,193.0
2026-08-18 21:00:00,32.85,32.95,42.660698,37.869663,0.0,0.0,1.8867962,2.311385,36.0,36.0
2026-08-18 22:00:00,31.3,31.35,48.35108,45.28918,0.0,0.0,1.7007351,1.2816006,0.0,0.0
2026-08-18 23:00:00,29.95,30.0,54.218395,50.48129,0.0,0.0,1.1543397,1.457738,0.0,0.0
2026-08-19 00:00:00,28.6,28.6,60.83403,57.712597,0.0,0.0,0.60827625,0.81394106,0.0,0.0
2026-08-19 01:00:00,27.55,27.6,66.697495,64.48393,0.0,0.0,0.4272002,0.3,0.0,0.0
2026-08-19 02:00:00,26.8,26.5,73.42791,76.118706,0.0,0.0,0.0,0.05,0.0,0.0
2026-08-19 03:00:00,26.0,25.85,72.17213,78.378944,0.0,0.0,0.18027757,0.47169906,0.0,0.0
2026-08-19 04:00:00,25.15,25.35,72.244995,75.93899,0.0,0.0,0.85,1.0307764,0.0,0.0
2026-08-19 05:00:00,24.65,24.9,70.5994,72.876274,0.0,0.0,0.83216584,1.3313527,0.0,0.0
2026-08-19 06:00:00,24.1,24.05,69.83705,74.56491,0.0,0.0,1.0124228,1.914419,0.0,0.0
2026-08-19 07:00:00,23.45,22.75,69.05669,76.239624,0.0,0.0,1.0920165,1.7888545,0.0,0.0
2026-08-19 08:00:00,23.35,23.45,69.69423,57.757164,0.0,0.0,1.2419742,1.471394,13.0,14.0
2026-08-19 09:00:00,25.7,26.3,59.79214,45.372154,0.0,0.0,1.7734147,1.7670598,141.0,143.0
2026-08-19 10:00:00,29.4,29.95,44.05507,35.62065,0.0,0.0,1.5206907,1.3536987,333.0,337.0
2026-08-19 11:00:00,33.0,33.4,33.54989,30.15724,0.0,0.0,1.3647344,1.1280514,527.0,532.0
2026-08-19 12:00:00,35.85,36.25,27.453218,24.92092,0.0,0.0,0.7433034,0.559017,694.0,696.0
2026-08-19 13:00:00,38.35,38.5,23.18704,21.196856,0.0,0.0,0.6800735,0.801561,818.0,791.0
2026-08-19 14:00:00,40.0,40.8,17.361586,15.877217,0.0,0.0,1.0977249,0.65764725,879.0,867.0
2026-08-19 15:00:00,41.85,41.9,15.528248,16.117823,0.0,0.0,2.0112185,1.950641,873.0,849.0
2026-08-19 16:00:00,41.6,40.55,19.235777,17.955618,0.0,0.0,4.002499,3.7716045,815.0,607.0
2026-08-19 17:00:00,40.75,40.45,16.460133,16.949472,0.0,0.0,3.0842342,3.823938,509.0,529.0
2026-08-19 18:00:00,39.85,39.75,21.88036,17.189726,0.0,0.0,2.5317976,3.511766,477.0,470.0
2026-08-19 19:00:00,39.0,38.95,23.502516,22.302568,0.0,0.0,3.8327537,3.088689,252.0,304.0
2026-08-19 20:00:00,37.65,37.1,27.575306,26.561865,0.0,0.0,2.8692334,1.5206907,133.0,102.0
2026-08-19 21:00:00,36.95,35.35,23.594595,34.51913,0.0,0.1,3.920459,2.7166157,27.0,27.0
2026-08-19 22:00:00,35.65,33.95,29.511393,39.36236,0.0,0.0,3.4677083,2.0248458,0.0,0.0
2026-08-19 23:00:00,34.35,32.4,33.06495,43.21164,0.0,0.0,1.4080129,2.5164459,0.0,0.0
2026-08-20 00:00:00,32.2,31.85,36.128067,42.792263,0.0,0.0,2.1053503,1.4142135,0.0,0.0
2026-08-20 01:00:00,31.75,30.5,37.299217,44.494118,0.0,0.0,2.4698176,1.9646883,0.0,0.0
2026-08-20 02:00:00,28.85,30.95,46.505764,38.6622,0.0,0.0,4.0199504,1.1280514,0.0,0.0
2026-08-20 03:00:00,29.8,30.2,39.85983,44.55412,0.2,0.0,2.75,0.75,0.0,0.0
2026-08-20 04:00:00,30.4,29.25,38.139145,48.11415,0.0,0.0,2.7658634,0.18027757,0.0,0.0
2026-08-20 05:00:00,29.75,28.2,43.86968,51.622673,0.0,0.0,1.677051,0.97082436,0.0,0.0
2026-08-20 06:00:00,28.45,27.55,54.353737,52.61049,0.0,0.0,0.42426407,1.0547512,0.0,0.0
2026-08-20 07:00:00,27.7,26.0,57.67824,57.634335,0.0,0.0,0.05,0.98488575,0.0,0.0
2026-08-20 08:00:00,27.55,27.25,57.82326,51.37785,0.0,0.0,1.3462912,0.8062258,11.0,12.0
2026-08-20 09:00:00,29.5,29.25,52.118126,44.155212,0.0,0.0,0.85586214,0.9124143,120.0,134.0
2026-08-20 10:00:00,28.4,32.1,54.511948,35.183346,0.6,0.0,0.5315073,0.70710677,229.0,325.0
2026-08-20 11:00:00,32.2,34.65,41.557648,28.865803,0.0,0.0,0.7433034,0.69641936,472.0,515.0
2026-08-20 12:00:00,34.85,37.0,35.488155,24.311373,0.0,0.0,0.585235,0.85,636.0,679.0
2026-08-20 13:00:00,34.95,38.15,30.67599,22.175747,0.0,0.0,1.8848077,2.687936,723.0,774.0
2026-08-20 14:00:00,34.75,32.6,28.705954,42.459557,0.6,0.6,5.637597,3.3305404,589.0,413.0
2026-08-20 15:00:00,33.55,34.75,40.505955,33.280064,0.9,0.1,5.1655107,2.6462238,611.0,533.0
2026-08-20 16:00:00,33.3,35.05,37.726044,30.311014,0.2,0.1,3.5531676,3.52881,815.0,684.0
2026-08-20 17:00:00,30.15,30.05,50.04832,48.173573,0.9,0.9,1.5508063,1.767767,470.0,613.0
2026-08-20 18:00:00,29.35,26.35,52.735825,67.91182,0.4,6.7,2.9154758,1.6560496,343.0,312.0
2026-08-20 19:00:00,28.95,27.15,53.1318,63.9904,0.0,0.2,1.8117672,2.0012496,316.0,249.0
2026-08-20 20:00:00,24.65,27.8,65.48282,51.847313,0.0,0.0,4.4944406,1.8527007,169.0,170.0
2026-08-20 21:00:00,25.1,26.7,65.16661,57.077652,0.0,0.0,1.2349089,1.5132746,19.0,30.0
2026-08-20 22:00:00,24.25,25.75,70.52497,62.108814,0.0,0.0,1.0307764,1.5890249,0.0,0.0
2026-08-20 23:00:00,23.7,25.05,74.5069,67.23168,0.0,0.0,1.2539936,0.9433981,0.0,0.0
2026-08-21 00:00:00,23.1,24.35,76.29446,70.986084,0.0,0.0,1.1768602,1.1597414,0.0,0.0
2026-08-21 01:00:00,22.8,24.05,77.20845,70.93087,0.0,0.0,1.0259142,1.4534441,0.0,0.0
2026-08-21 02:00:00,23.5,23.95,72.17711,78.34688,0.0,0.0,1.6,1.17047,0.0,0.0
2026-08-21 03:00:00,22.85,23.1,74.83392,79.20429,0.0,0.0,1.3462912,1.2529964,0.0,0.0
2026-08-21 04:00:00,22.2,22.35,78.337654,81.86393,0.0,0.0,1.2175796,0.88600224,0.0,0.0
2026-08-21 05:00:00,21.8,21.95,79.5196,82.58465,0.0,0.0,1.2093385,0.8062258,0.0,0.0
2026-08-21 06:00:00,21.2,21.6,81.97757,83.060905,0.0,0.0,1.1510864,0.76321685,0.0,0.0
2026-08-21 07:00:00,20.6,21.15,84.52523,83.26905,0.0,0.0,1.3124405,0.9656604,0.0,0.0
2026-08-21 08:00:00,20.65,20.6,81.65098,80.87415,0.0,0.0,1.3462911,1.5041609,11.0,11.0
2026-08-21 09:00:00,23.05,23.05,72.324036,69.19763,0.0,0.0,1.0977249,1.3462912,132.0,133.0
2026-08-21 10:00:00,26.0,26.05,58.55345,54.268818,0.0,0.0,1.2103719,1.4422206,322.0,322.0
2026-08-21 11:00:00,28.25,28.2,49.552975,47.37974,0.0,0.0,1.8384775,2.3753946,512.0,515.0
2026-08-21 12:00:00,30.25,30.35,42.22127,41.051094,0.0,0.0,1.6710774,2.3307724,682.0,681.0
2026-08-21 13:00:00,31.7,32.05,36.809658,35.625507,0.0,0.0,1.4534441,1.9006578,795.0,802.0
2026-08-21 14:00:00,33.0,33.45,32.17091,29.394867,0.0,0.0,0.8062258,0.9433981,850.0,845.0
2026-08-21 15:00:00,33.65,34.25,31.524832,27.836023,0.0,0.0,0.31622776,0.64031243,823.0,862.0
2026-08-21 16:00:00,34.15,35.1,30.262762,26.37951,0.0,0.0,0.78262377,0.8062258,795.0,781.0
2026-08-21 17:00:00,34.85,35.25,27.9055,24.661615,0.0,0.0,1.6,1.2020814,589.0,554.0
2026-08-21 18:00:00,32.45,33.0,37.135067,35.88743,0.0,0.0,5.523812,5.1971145,532.0,547.0
2026-08-21 19:00:00,31.45,31.65,39.0491,37.631958,0.0,0.0,4.7023926,5.0487623,353.0,368.0
2026-08-21 20:00:00,30.45,29.5,38.030064,38.760044,0.0,0.0,3.8118236,4.9520197,179.0,178.0
2026-08-21 21:00:00,28.85,28.4,40.374798,42.943863,0.0,0.0,1.7585506,3.2314858,29.0,29.0
2026-08-21 22:00:00,27.6,27.35,46.16927,46.101685,0.0,0.0,1.2379419,1.2298374,0.0,0.0
2026-08-21 23:00:00,26.7,26.45,51.39944,50.843647,0.0,0.0,1.0062306,1.1884865,0.0,0.0
2026-08-22 00:00:00,25.8,25.25,58.321068,59.49831,0.0,0.0,0.85,0.7905694,0.0,0.0
2026-08-22 01:00:00,25.1,24.45,62.553104,66.479965,0.0,0.0,0.64031243,0.82764727,0.0,0.0
2026-08-22 02:00:00,24.2,23.85,70.07529,73.837456,0.0,0.0,0.9300538,0.30413812,0.0,0.0
2026-08-22 03:00:00,23.8,23.25,72.45701,76.0799,0.0,0.0,1.1,0.31622776,0.0,0.0
2026-08-22 04:00:00,23.4,22.6,76.81889,79.13424,0.0,0.0,1.0793515,0.30413812,0.0,0.0
2026-08-22 05:00:00,23.0,22.0,81.437485,81.565025,0.0,0.0,0.61846584,0.25495097,0.0,0.0
2026-08-22 06:00:00,22.6,21.55,85.00267,83.31538,0.0,0.0,0.22360681,0.21213204,0.0,0.0
2026-08-22 07:00:00,22.3,21.1,86.566666,85.64528,0.0,0.0,0.15811388,0.1,0.0,0.0
2026-08-22 08:00:00,22.45,21.25,87.65786,84.067375,0.0,0.0,0.14142136,0.32015622,11.0,10.0
2026-08-22 09:00:00,24.3,23.3,77.43404,76.80356,0.0,0.0,0.15,0.85146934,114.0,122.0
2026-08-22 10:00:00,26.4,25.65,68.55503,71.66578,0.0,0.0,1.0511898,0.42426407,285.0,301.0
2026-08-22 11:00:00,28.35,28.0,60.589645,62.995155,0.0,0.0,1.724094,1.9006578,433.0,465.0
2026-08-22 12:00:00,30.3,30.15,51.51347,52.283154,0.0,0.0,1.9293782,2.3005433,631.0,622.0
2026-08-22 13:00:00,31.75,31.8,45.53864,45.409687,0.0,0.0,2.5806975,2.6234517,737.0,775.0
2026-08-22 14:00:00,32.5,32.55,41.117954,42.981976,0.0,0.0,3.3120992,3.335416,842.0,850.0
2026-08-22 15:00:00,33.0,33.15,40.102467,41.036644,0.0,0.0,3.733631,3.7215588,867.0,861.0
2026-08-22 16:00:00,33.1,33.35,38.8834,39.94606,0.0,0.0,4.14367,3.901282,811.0,786.0
2026-08-22 17:00:00,32.6,32.5,39.61536,44.334576,0.0,0.0,4.0650954,4.0524683,684.0,668.0
2026-08-22 18:00:00,31.75,31.55,41.962524,46.930782,0.0,0.0,3.8639357,3.662308,537.0,505.0
2026-08-22 19:00:00,30.35,30.5,47.50064,50.138943,0.0,0.0,3.9373214,3.4474628,337.0,331.0
2026-08-22 20:00:00,29.05,29.3,52.659912,51.90435,0.0,0.0,3.1340866,3.4889112,165.0,163.0
2026-08-22 21:00:00,27.65,27.9,56.948315,58.633793,0.0,0.0,2.75,2.8935273,27.0,26.0
2026-08-22 22:00:00,26.9,27.25,60.826466,64.011826,0.0,0.0,1.9416488,2.6443334,0.0,0.0
2026-08-22 23:00:00,26.4,26.55,64.629845,68.79629,0.0,0.0,1.6324828,1.978004,0.0,0.0
2026-08-23 00:00:00,25.7,25.9,68.845055,72.60068,0.0,0.0,0.559017,1.6007811,0.0,0.0
2026-08-23 01:00:00,25.4,25.25,70.95795,76.39208,0.0,0.0,0.15811388,0.97082436,0.0,0.0
2026-08-23 02:00:00,25.2,25.1,74.52369,77.314926,0.0,0.0,0.4031129,0.75,0.0,0.0
2026-08-23 03:00:00,24.75,24.7,79.43312,78.69662,0.0,0.0,0.47169906,0.9300538,0.0,0.0
2026-08-23 04:00:00,24.2,24.3,81.58844,81.350494,0.0,0.0,0.4272002,0.18027757,0.0,0.0
2026-08-23 05:00:00,23.65,24.15,82.786896,82.08556,0.0,0.0,0.6708204,0.05,0.0,0.0
2026-08-23 06:00:00,23.1,23.5,84.531425,84.83493,0.0,0.0,0.70710677,0.30413812,0.0,0.0
2026-08-23 07:00:00,22.45,22.9,87.65786,86.890594,0.0,0.0,0.60827625,0.64031243,0.0,0.0
2026-08-23 08:00:00,22.25,21.7,85.76071,92.04138,0.0,0.0,0.8544004,0.91787803,10.0,10.0
2026-08-23 09:00:00,24.6,23.8,75.11976,81.287125,0.0,0.0,1.3038405,1.059481,126.0,124.0
2026-08-23 10:00:00,26.85,26.05,68.22044,72.62685,0.0,0.0,0.5315073,0.18027757,313.0,308.0
2026-08-23 11:00:00,28.8,28.2,60.13233,61.881752,0.0,0.0,0.6103278,0.7,504.0,489.0
2026-08-23 12:00:00,30.75,30.1,50.047405,52.27048,0.0,0.0,1.3536987,0.94868326,655.0,625.0
2026-08-23 13:00:00,32.6,31.2,43.265705,46.837975,0.0,0.0,1.9416487,1.2539936,742.0,645.0
2026-08-23 14:00:00,34.3,33.5,39.08886,40.238968,0.0,0.0,2.7504544,1.9163767,857.0,845.0
2026-08-23 15:00:00,35.35,34.5,34.51913,38.174347,0.0,0.0,3.4702306,2.8231187,716.0,855.0
2026-08-23 16:00:00,34.4,34.75,39.361763,38.603455,0.0,0.0,4.229953,3.5850384,607.0,799.0
2026-08-23 17:00:00,33.35,34.5,44.839798,38.899136,0.4,0.0,3.6472592,4.0360875,602.0,643.0
2026-08-23 18:00:00,32.45,33.55,48.952946,43.38658,0.7,0.0,3.7165172,4.1012197,466.0,475.0
2026-08-23 19:00:00,31.6,31.85,51.844017,51.429916,0.0,0.0,3.623534,3.8029594,323.0,298.0
2026-08-23 20:00:00,30.25,29.9,60.462097,61.126587,0.0,0.0,3.5046396,3.6786547,143.0,138.0
2026-08-23 21:00:00,29.0,28.55,67.19307,68.55073,0.0,0.0,3.679674,3.6472592,18.0,21.0
2026-08-23 22:00:00,28.1,27.7,73.647285,74.704575,0.0,0.0,2.758623,2.640076,0.0,0.0
2026-08-23 23:00:00,27.55,27.2,77.20941,77.391266,0.0,0.0,1.6401219,1.9137658,0.0,0.0
2026-08-24 00:00:00,27.3,26.85,78.11158,79.238144,0.0,0.0,0.98615414,1.6446884,0.0,0.0
2026-08-24 01:00:00,26.7,26.5,82.64172,80.64359,0.0,0.0,0.60207975,1.5508063,0.0,0.0
2026-08-24 02:00:00,26.75,26.35,81.65658,81.6071,0.0,0.0,1.2806249,0.111803405,0.0,0.0
2026-08-24 03:00:00,26.3,25.95,82.84472,83.55973,0.0,0.0,1.118034,0.22360681,0.0,0.0
2026-08-24 04:00:00,25.7,25.6,85.83919,85.57012,0.0,0.0,0.38078865,0.6363961,0.0,0.0
2026-08-24 05:00:00,24.85,24.95,90.56548,89.75502,0.0,0.0,0.61846584,0.3354102,0.0,0.0
2026-08-24 06:00:00,24.4,24.55,93.316734,91.92544,0.0,0.0,0.22360681,0.14142136,0.0,0.0
2026-08-24 07:00:00,23.8,24.25,95.86567,93.30945,0.0,0.0,1.2165525,0.111803405,0.0,0.0
2026-08-24 08:00:00,23.9,22.95,95.868706,99.09541,0.3,0.0,1.4508619,0.7778175,6.0,9.0
2026-08-24 09:00:00,24.5,24.65,93.60355,88.11505,0.6,0.0,0.7433034,0.98615414,71.0,103.0
2026-08-24 10:00:00,25.4,26.4,86.33108,78.45748,0.3,0.0,1.662077,0.38078865,161.0,224.0
2026-08-24 11:00:00,27.5,28.3,70.473015,66.84868,0.0,0.0,1.5231546,1.1335784,344.0,345.0
2026-08-24 12:00:00,28.15,29.95,65.19876,55.92364,0.4,0.0,0.65,2.6518862,446.0,524.0
2026-08-24 13:00:00,31.2,31.4,51.902843,47.629074,0.0,0.0,1.430035,2.6043231,735.0,622.0
2026-08-24 14:00:00,32.15,33.0,47.82632,43.238415,0.0,0.0,2.6315393,3.8551912,768.0,703.0
2026-08-24 15:00:00,33.4,33.35,40.976055,37.26428,0.0,0.0,3.653081,5.0621142,770.0,846.0
2026-08-24 16:00:00,33.0,33.35,41.906544,36.32907,0.0,0.0,4.613296,5.6109266,716.0,754.0
2026-08-24 17:00:00,33.15,33.45,38.286743,33.8902,0.0,0.0,4.4002843,5.886,666.0,689.0
2026-08-24 18:00:00,33.0,32.85,35.31826,37.00876,0.0,0.0,3.925876,5.308484,531.0,540.0
2026-08-24 19:00:00,31.6,31.95,41.525234,38.69058,0.0,0.0,2.9017239,5.0159745,354.0,364.0
2026-08-24 20:00:00,31.7,31.15,41.29016,43.144882,0.0,0.0,0.91787803,1.1101801,164.0,165.0
2026-08-24 21:00:00,30.45,29.6,47.976963,46.55882,0.0,0.0,0.25,1.1800424,23.0,23.0
2026-08-24 22:00:00,29.55,28.9,48.34579,49.56622,0.0,0.0,0.7,0.97082436,0.0,0.0
2026-08-24 23:00:00,29.3,29.15,37.343708,40.85196,0.0,0.0,4.484696,2.5179358,0.0,0.0
2026-08-25 00:00:00,28.05,28.55,36.51018,32.211174,0.0,0.0,5.2069664,4.7793827,0.0,0.0
2026-08-25 01:00:00,27.35,27.25,37.78453,35.92611,0.0,0.0,4.4553337,3.541892,0.0,0.0
2026-08-25 02:00:00,26.6,26.25,38.32903,39.913113,0.0,0.0,3.0153773,2.9206164,0.0,0.0
2026-08-25 03:00:00,25.2,25.35,42.758904,42.8006,0.0,0.0,1.5692356,2.6953664,0.0,0.0
2026-08-25 04:00:00,23.85,24.4,48.066986,46.353657,0.0,0.0,1.1672617,2.4010415,0.0,0.0
2026-08-25 05:00:00,22.7,23.4,52.205757,50.205532,0.0,0.0,1.1067971,1.9608672,0.0,0.0
2026-08-25 06:00:00,22.0,22.6,54.655384,53.391796,0.0,0.0,1.1768602,1.4637282,0.0,0.0
2026-08-25 07:00:00,21.5,21.95,56.53589,55.911,0.0,0.0,1.0062306,1.6620771,0.0,0.0
2026-08-25 08:00:00,21.3,21.3,56.858448,57.2328,0.0,0.0,0.86023253,1.7720045,9.0,9.0
2026-08-25 09:00:00,23.85,23.6,48.225243,49.60373,0.0,0.0,1.7029386,1.9300259,126.0,126.0
2026-08-25 10:00:00,26.0,25.85,43.548294,42.93935,0.0,0.0,2.8727167,2.7313,300.0,316.0
2026-08-25 11:00:00,28.05,27.9,39.245384,37.81407,0.0,0.0,2.4758837,2.9449108,494.0,494.0
2026-08-25 12:00:00,29.85,30.0,34.673172,31.763441,0.0,0.0,1.5572411,1.9104972,618.0,621.0
2026-08-25 13:00:00,31.85,31.75,28.86565,27.806108,0.0,0.0,0.60207975,0.6726812,799.0,718.0
2026-08-25 14:00:00,32.75,33.35,25.844797,26.524857,0.0,0.0,0.5408327,0.18027757,865.0,853.0
2026-08-25 15:00:00,34.35,34.3,23.085218,24.74086,0.0,0.0,0.7433034,0.46097723,880.0,872.0
2026-08-25 16:00:00,35.3,35.3,21.899988,23.71716,0.0,0.0,1.5206907,1.4008926,823.0,818.0
2026-08-25 17:00:00,35.05,35.1,24.2871,26.37951,0.0,0.0,3.088689,2.8178005,704.0,704.0
2026-08-25 18:00:00,33.95,33.85,28.677568,32.507885,0.0,0.0,3.5362408,3.6124785,550.0,546.0
2026-08-25 19:00:00,33.05,32.95,31.259354,34.521004,0.0,0.0,3.381198,3.434021,359.0,354.0
2026-08-25 20:00:00,31.8,31.7,35.44195,35.874157,0.0,0.0,3.3264096,3.118493,165.0,163.0
2026-08-25 21:00:00,30.15,29.95,39.572773,40.941013,0.0,0.0,2.5387006,2.6907248,21.0,22.0
2026-08-25 22:00:00,29.05,28.7,42.571434,45.43825,0.0,0.0,1.6552945,1.7007351,0.0,0.0
2026-08-25 23:00:00,27.75,27.6,47.108162,49.85688,0.0,0.0,1.423025,1.264911,0.0,0.0
2026-08-26 00:00:00,26.6,26.8,50.882732,53.090633,0.0,0.0,1.1423659,1.1884865,0.0,0.0
2026-08-26 01:00:00,26.1,26.0,52.743336,56.011818,0.0,0.0,0.82462114,1.3946326,0.0,0.0
2026-08-26 02:00:00,25.25,25.6,60.832474,56.810963,0.0,0.0,0.4031129,0.585235,0.0,0.0
2026-08-26 03:00:00,24.75,24.65,62.080902,61.86203,0.0,0.0,0.56568545,0.6103278,0.0,0.0
2026-08-26 04:00:00,24.7,24.45,64.266495,64.41591,0.0,0.0,1.1101803,0.46097723,0.0,0.0
2026-08-26 05:00:00,23.55,23.9,69.73242,68.27869,0.0,0.0,0.111803405,0.25,0.0,0.0
2026-08-26 06:00:00,23.15,23.1,69.656,70.309685,0.0,0.0,1.054751,0.88600224,0.0,0.0
2026-08-26 07:00:00,22.55,22.7,72.00694,73.41004,0.0,0.0,0.14142136,0.20615529,0.0,0.0
2026-08-26 08:00:00,22.95,22.4,71.62567,77.390205,0.0,0.0,0.26925823,2.2945588,7.0,7.0
2026-08-26 09:00:00,24.6,23.65,62.838623,70.63466,0.0,0.0,0.6519202,0.31622776,104.0,83.0
2026-08-26 10:00:00,26.65,25.55,56.706352,60.90109,0.0,0.0,0.35,0.559017,268.0,266.0
2026-08-26 11:00:00,27.45,26.3,53.93339,56.980938,0.0,0.0,0.95,0.88459027,269.0,251.0
2026-08-26 12:00:00,29.7,28.35,44.418716,49.109306,0.0,0.0,0.99624294,1.6620771,516.0,465.0
2026-08-26 13:00:00,31.4,31.15,37.083042,39.468422,0.0,0.0,1.457738,1.5572411,479.0,760.0
2026-08-26 14:00:00,34.45,33.7,29.761356,34.727146,0.0,0.0,2.0554805,2.4041631,785.0,852.0
2026-08-26 15:00:00,35.75,35.5,26.207458,27.271694,0.0,0.0,4.232316,4.1629314,846.0,865.0
2026-08-26 16:00:00,35.65,35.15,23.263159,26.39269,0.0,0.0,5.1305456,5.0,815.0,816.0
2026-08-26 17:00:00,34.65,34.45,25.663939,30.24625,0.0,0.0,4.9429245,4.5721984,705.0,705.0
2026-08-26 18:00:00,33.6,32.95,27.662136,33.752834,0.0,0.0,4.226405,5.148058,549.0,540.0
2026-08-26 19:00:00,32.1,31.75,31.407452,36.58762,0.0,0.0,4.204759,4.9117208,359.0,352.0
2026-08-26 20:00:00,30.2,29.95,38.828735,41.60286,0.0,0.0,3.570014,3.2449963,164.0,164.0
2026-08-26 21:00:00,28.5,27.85,44.80595,50.56107,0.0,0.0,1.7269917,2.9702694,21.0,21.0
2026-08-26 22:00:00,27.45,26.9,49.658825,55.001842,0.0,0.0,1.5652475,1.0770329,0.0,0.0
2026-08-26 23:00:00,26.4,26.2,56.825115,57.86501,0.0,0.0,0.05,1.6918925,0.0,0.0
2026-08-27 00:00:00,25.5,25.55,60.12484,61.48018,0.0,0.0,0.35355338,1.3341664,0.0,0.0
2026-08-27 01:00:00,24.55,25.0,63.82953,65.96909,0.0,0.0,0.76321685,1.2020814,0.0,0.0
2026-08-27 02:00:00,23.35,24.4,65.6245,67.31166,0.0,0.0,1.6507574,0.28284273,0.0,0.0
2026-08-27 03:00:00,22.9,23.4,65.73901,71.03389,0.0,0.0,2.4596748,0.559017,0.0,0.0
2026-08-27 04:00:00,23.2,22.55,60.55381,71.55293,0.0,0.0,3.0364454,1.523975,0.0,0.0
2026-08-27 05:00:00,23.6,21.55,53.822735,69.56985,0.0,0.0,2.8609438,1.9039433,0.0,0.0
2026-08-27 06:00:00,24.0,21.4,48.107452,63.959442,0.0,0.0,1.8607794,1.9608672,0.0,0.0
2026-08-27 07:00:00,23.35,21.75,48.24916,55.86102,0.0,0.0,1.17047,2.209072,0.0,0.0
2026-08-27 08:00:00,22.0,22.35,55.01509,47.819138,0.0,0.0,1.1011358,1.6688318,8.0,8.0
2026-08-27 09:00:00,24.2,24.35,46.912632,42.947937,0.0,0.0,1.2658988,1.9104973,123.0,122.0
2026-08-27 10:00:00,26.85,26.6,38.78168,38.968445,0.0,0.0,1.588238,1.9300259,313.0,313.0
2026-08-27 11:00:00,29.2,28.85,32.71586,33.94266,0.0,0.0,1.4866068,1.6124516,507.0,506.0
2026-08-27 12:00:00,31.35,30.85,27.88332,28.97721,0.0,0.0,0.5408327,1.0111874,673.0,672.0
2026-08-27 13:00:00,33.35,32.7,24.575157,25.320093,0.0,0.0,0.26925823,0.9013878,793.0,795.0
2026-08-27 14:00:00,33.85,34.6,23.111696,22.842524,0.0,0.0,0.6264982,0.83815277,860.0,862.0
2026-08-27 15:00:00,36.1,36.2,19.928974,20.979706,0.0,0.0,0.86023253,1.054751,822.0,866.0
2026-08-27 16:00:00,37.1,37.05,18.740366,20.294096,0.0,0.0,0.715891,1.7102631,761.0,809.0
2026-08-27 17:00:00,37.35,36.3,18.178349,21.427992,0.0,0.0,1.7392527,1.5628499,645.0,656.0
2026-08-27 18:00:00,36.8,35.9,18.732452,21.543009,0.0,0.0,2.0112185,1.6650826,477.0,510.0
2026-08-27 19:00:00,35.05,35.5,24.44795,20.947065,0.0,0.0,2.3753946,0.61846584,282.0,321.0
2026-08-27 20:00:00,33.85,34.3,29.986223,23.854128,0.0,0.0,2.1360009,1.9849433,139.0,153.0
2026-08-27 21:00:00,32.0,31.2,35.04253,36.671333,0.0,0.0,2.059126,1.9849433,16.0,17.0
2026-08-27 22:00:00,30.2,29.35,43.023056,46.639717,0.0,0.0,0.552268,1.5182227,0.0,0.0
2026-08-27 23:00:00,29.9,27.8,33.677536,55.57266,0.0,0.0,3.451449,2.269912,0.0,0.0
2026-08-28 00:00:00,28.65,27.9,33.774723,53.876236,0.0,0.0,4.99925,2.1023796,0.0,0.0
2026-08-28 01:00:00,26.75,27.15,36.508106,33.24328,0.0,0.0,5.127621,5.2194347,0.0,0.0
2026-08-28 02:00:00,26.5,26.2,31.531778,31.77,0.0,0.1,4.273757,4.3410826,0.0,0.0
2026-08-28 03:00:00,26.0,25.6,32.697933,30.749348,0.0,0.0,4.1800117,3.9824615,0.0,0.0
2026-08-28 04:00:00,25.3,25.0,34.78395,33.08675,0.0,0.0,4.705582,3.9824615,0.0,0.0
2026-08-28 05:00:00,24.85,24.5,35.248966,35.389168,0.0,0.0,3.4300144,3.8948684,0.0,0.0
2026-08-28 06:00:00,24.1,24.0,38.913403,37.849857,0.0,0.0,3.5672119,3.508917,0.0,0.0
2026-08-28 07:00:00,23.65,23.3,42.75254,41.109123,0.0,0.0,2.4667792,2.6277368,0.0,0.0
2026-08-28 08:00:00,23.75,22.75,42.213005,48.246456,0.0,0.0,2.4135036,2.0353131,5.0,6.0
2026-08-28 09:00:00,24.0,23.7,42.28303,46.62221,0.0,0.0,1.9059118,2.404163,51.0,102.0
2026-08-28 10:00:00,24.25,25.4,45.25599,38.889618,0.4,0.0,2.8111386,3.21753,149.0,274.0
2026-08-28 11:00:00,24.05,26.15,44.1652,33.751064,0.4,0.0,2.505993,3.434021,125.0,345.0
2026-08-28 12:00:00,25.25,25.5,39.63237,36.8912,0.3,0.0,2.3690715,3.1120734,232.0,311.0
2026-08-28 13:00:00,26.95,26.25,33.862392,35.288136,0.0,0.0,1.7204651,2.381701,390.0,349.0
2026-08-28 14:00:00,25.95,25.6,38.528896,42.030712,0.0,0.5,2.0862646,1.1853269,571.0,337.0
2026-08-28 15:00:00,25.65,26.75,42.183514,39.52874,0.0,0.0,0.96046865,0.46097723,325.0,480.0
2026-08-28 16:00:00,27.9,28.4,37.938572,36.849632,0.0,0.0,1.2020816,1.4916433,661.0,711.0
2026-08-28 17:00:00,29.05,29.15,35.95548,34.820522,0.0,0.0,0.4031129,1.4499999,648.0,620.0
2026-08-28 18:00:00,28.8,29.55,36.360317,32.596836,0.0,0.0,0.5,1.1412712,408.0,519.0
2026-08-28 19:00:00,28.8,29.45,37.082664,33.221752,0.0,0.0,1.2175796,1.65,309.0,351.0
2026-08-28 20:00:00,27.9,27.8,37.074615,39.952385,0.0,0.0,1.6507574,2.6234517,154.0,157.0
2026-08-28 21:00:00,26.9,25.85,40.226948,47.2058,0.0,0.0,1.7528548,2.1783023,17.0,18.0
2026-08-28 22:00:00,25.5,24.4,49.62332,52.816982,0.0,0.0,1.9026297,1.2041595,0.0,0.0
2026-08-28 23:00:00,23.95,23.15,57.69226,58.24637,0.0,0.0,1.4534442,1.0735455,0.0,0.0
2026-08-29 00:00:00,22.85,22.25,62.85058,66.87402,0.0,0.0,0.7566373,0.5,0.0,0.0
2026-08-29 01:00:00,22.05,21.55,66.19369,69.56985,0.0,0.0,0.60827625,0.6264982,0.0,0.0
2026-08-29 02:00:00,21.1,21.95,72.20437,64.70144,0.0,0.0,0.64031243,0.7211103,0.0,0.0
2026-08-29 03:00:00,20.3,21.25,71.82872,67.53179,0.0,0.0,1.588238,1.2816006,0.0,0.0
2026-08-29 04:00:00,19.5,20.3,71.91456,70.22793,0.0,0.0,1.7755281,1.17047,0.0,0.0
2026-08-29 05:00:00,19.05,19.55,69.307785,72.39007,0.0,0.0,1.6124516,1.4326549,0.0,0.0
2026-08-29 06:00:00,18.7,19.15,63.99178,72.08397,0.0,0.0,1.4983325,1.6101242,0.0,0.0
2026-08-29 07:00:00,18.35,18.95,57.648014,71.58105,0.0,0.0,1.3000001,1.5890249,0.0,0.0
2026-08-29 08:00:00,18.35,19.05,52.106342,68.63297,0.0,0.0,1.3124405,1.5692356,7.0,7.0
2026-08-29 09:00:00,20.15,21.5,43.965225,58.417206,0.0,0.0,1.5787653,1.5402921,124.0,121.0
2026-08-29 10:00:00,22.7,24.5,36.468773,46.68666,0.0,0.0,0.88600224,1.1423659,322.0,314.0
2026-08-29 11:00:00,25.75,27.3,29.348284,35.113083,0.0,0.0,0.72801095,1.2776932,522.0,511.0
2026-08-29 12:00:00,28.0,29.75,25.977928,27.729353,0.0,0.0,1.555635,1.1067971,692.0,680.0
2026-08-29 13:00:00,29.8,31.7,26.552036,25.395685,0.0,0.0,1.5508063,1.431782,815.0,804.0
2026-08-29 14:00:00,32.25,32.3,19.665155,30.852018,0.0,0.0,1.7507142,1.8607794,881.0,867.0
2026-08-29 15:00:00,33.15,32.95,21.144379,31.537788,0.0,0.0,2.1982946,2.4829419,886.0,870.0
2026-08-29 16:00:00,33.25,32.95,25.38044,33.644344,0.0,0.0,2.640076,3.040148,814.0,801.0
2026-08-29 17:00:00,32.95,32.4,28.22206,37.121284,0.0,0.0,2.9841247,3.394849,705.0,697.0
2026-08-29 18:00:00,32.0,31.5,31.2776,41.76182,0.0,0.0,3.2649655,3.4003677,545.0,533.0
2026-08-29 19:00:00,30.65,30.05,36.994762,48.022263,0.0,0.0,3.0302641,3.3049207,338.0,244.0
2026-08-29 20:00:00,28.95,29.15,43.094685,48.087692,0.0,0.0,2.5656383,2.2610838,126.0,127.0
2026-08-29 21:00:00,27.3,27.75,50.25722,53.33127,0.0,0.0,1.9525625,1.6007811,15.0,13.0
2026-08-29 22:00:00,26.25,26.5,56.60907,58.30315,0.0,0.0,1.2,1.320038,0.0,0.0
2026-08-29 23:00:00,25.0,25.45,64.53376,62.237507,0.0,0.0,0.71589106,0.96176916,0.0,0.0
2026-08-30 00:00:00,23.95,24.4,73.39491,67.10028,0.0,0.0,0.3905125,0.50990194,0.0,0.0
2026-08-30 01:00:00,23.1,23.55,77.737434,71.285164,0.0,0.0,0.1,0.18027757,0.0,0.0
2026-08-30 02:00:00,21.85,22.35,77.79555,79.347015,0.0,0.0,0.50990194,0.3905125,0.0,0.0
2026-08-30 03:00:00,21.25,21.55,74.56855,79.48491,0.0,0.0,1.1412712,0.7615773,0.0,0.0
2026-08-30 04:00:00,20.5,20.85,73.02691,80.14393,0.0,0.0,1.3462912,0.85,0.0,0.0
2026-08-30 05:00:00,19.75,20.25,73.602325,80.062485,0.0,0.0,1.1800424,1.2971122,0.0,0.0
2026-08-30 06:00:00,19.2,19.7,73.26947,81.0132,0.0,0.0,1.0307764,1.3865424,0.0,0.0
2026-08-30 07:00:00,18.95,19.35,70.88627,79.93941,0.0,0.0,1.2093385,1.4534441,0.0,0.0
2026-08-30 08:00:00,18.75,18.6,67.23886,74.3611,0.0,0.0,1.2349089,1.4764823,6.0,6.0
2026-08-30 09:00:00,21.1,21.0,55.881878,60.630936,0.0,0.0,1.3313527,1.4422206,118.0,119.0
2026-08-30 10:00:00,24.3,24.2,48.82341,52.084938,0.0,0.0,0.86313385,0.7566373,312.0,313.0
2026-08-30 11:00:00,27.35,26.95,44.636776,48.116985,0.0,0.0,0.25495097,0.25495097,510.0,511.0
2026-08-30 12:00:00,30.0,29.55,34.488274,38.274216,0.0,0.0,0.8062258,1.0511898,681.0,680.0
2026-08-30 13:00:00,32.35,31.8,25.911287,29.72181,0.0,0.0,1.500833,1.868154,807.0,805.0
2026-08-30 14:00:00,34.25,33.85,20.499084,23.266895,0.0,0.0,2.5164459,2.4005208,875.0,874.0
2026-08-30 15:00:00,34.85,34.4,21.353209,24.279558,0.0,0.0,3.0153773,2.8999999,881.0,879.0
2026-08-30 16:00:00,34.7,34.25,25.846378,28.201748,0.0,0.0,3.522783,3.4124773,821.0,820.0
2026-08-30 17:00:00,34.05,33.8,29.08073,31.464048,0.0,0.0,3.696282,3.2927952,705.0,703.0
2026-08-30 18:00:00,33.2,32.8,30.299625,36.64277,0.0,0.0,3.387108,3.335416,543.0,540.0
2026-08-30 19:00:00,31.9,31.35,33.900593,42.5216,0.0,0.0,3.2775753,3.4441981,349.0,346.0
2026-08-30 20:00:00,30.55,29.4,35.440063,50.010548,0.0,0.0,2.4989996,2.5460753,150.0,149.0
2026-08-30 21:00:00,28.6,27.7,41.23073,55.898235,0.0,0.0,1.6552945,2.071835,15.0,15.0
2026-08-30 22:00:00,27.1,26.5,46.481873,58.487164,0.0,0.0,0.60207975,1.443087,0.0,0.0
2026-08-30 23:00:00,25.65,25.5,52.628086,62.64181,0.0,0.0,0.65192026,0.8062258,0.0,0.0
2026-08-31 00:00:00,24.25,24.35,60.40976,69.01396,0.0,0.0,0.41231057,0.68007356,0.0,0.0
2026-08-31 01:00:00,23.2,23.45,66.4325,74.69859,0.0,0.0,0.111803405,0.22360681,0.0,0.0
2026-08-31 02:00:00,22.1,22.45,65.15089,79.85851,0.0,0.0,0.25,0.07071068,0.0,0.0
2026-08-31 03:00:00,21.3,21.75,63.52481,80.01367,0.0,0.0,0.8514693,0.7211103,0.0,0.0
2026-08-31 04:00:00,20.5,21.1,63.96942,80.17773,0.0,0.0,1.1715374,1.17047,0.0,0.0
2026-08-31 05:00:00,20.05,20.5,64.07929,80.861046,0.0,0.0,1.1629703,1.4840822,0.0,0.0
2026-08-31 06:00:00,19.75,19.9,64.85629,80.52561,0.0,0.0,1.1101801,1.6224982,0.0,0.0
2026-08-31 07:00:00,19.25,19.45,65.3879,78.685074,0.0,0.0,1.4159802,1.5,0.0,0.0
2026-08-31 08:00:00,18.85,19.45,63.814278,70.52144,0.0,0.0,1.2971122,1.2539936,6.0,6.0
2026-08-31 09:00:00,21.25,21.85,52.692837,58.69245,0.0,0.0,1.5305228,0.82006097,117.0,117.0
2026-08-31 10:00:00,25.2,24.95,39.6183,46.962364,0.0,0.0,0.7433034,0.0,312.0,310.0
2026-08-31 11:00:00,28.35,27.7,33.02514,41.926205,0.0,0.0,0.21213204,0.4031129,509.0,505.0
2026-08-31 12:00:00,30.8,30.2,28.201773,35.92341,0.0,0.0,0.65192026,1.0259142,678.0,673.0
2026-08-31 13:00:00,33.0,32.5,24.483833,30.805983,0.0,0.0,1.4508619,1.9659604,801.0,796.0
2026-08-31 14:00:00,34.25,34.0,22.526085,28.411676,0.0,0.0,2.9567719,2.9954133,866.0,861.0
2026-08-31 15:00:00,34.35,33.8,26.790306,33.66155,0.0,0.0,3.4481878,3.613862,869.0,862.0
2026-08-31 16:00:00,33.85,33.2,33.999954,38.300476,0.0,0.0,3.444198,3.5794554,806.0,802.0
2026-08-31 17:00:00,33.35,32.9,38.341625,39.697514,0.0,0.0,3.2144206,3.354102,687.0,686.0
2026-08-31 18:00:00,32.55,32.4,41.653008,40.191883,0.0,0.0,3.1953092,3.275668,526.0,527.0
2026-08-31 19:00:00,31.15,31.15,46.241257,43.28157,0.0,0.0,3.22374,3.231099,336.0,336.0
2026-08-31 20:00:00,29.45,29.15,51.456875,51.541534,0.0,0.0,2.6744158,3.2695565,142.0,142.0
2026-08-31 21:00:00,27.55,27.05,60.784588,62.010307,0.0,0.0,2.832402,2.9436371,13.0,13.0
2026-08-31 22:00:00,26.6,26.05,67.75136,70.63924,0.0,0.0,2.376973,2.3563743,0.0,0.0
2026-08-31 23:00:00,25.8,25.7,73.03209,76.22741,0.0,0.0,1.767767,1.8343936,0.0,0.0
2026-09-01 00:00:00,25.25,25.35,76.62745,79.27249,0.0,0.0,1.0049876,1.2816006,0.0,0.0
2026-09-01 01:00:00,24.85,25.05,81.17088,81.19634,0.0,0.0,1.2041595,0.45276925,0.0,0.0
2026-09-01 02:00:00,25.1,24.0,79.96973,84.627556,0.0,0.0,0.9433981,0.22360681,0.0,0.0
2026-09-01 03:00:00,24.55,23.8,82.63915,84.86648,0.0,0.0,1.4916433,0.31622776,0.0,0.0
2026-09-01 04:00:00,24.25,23.1,83.62331,87.9844,0.0,0.0,1.0012492,0.5024938,0.0,0.0
2026-09-01 05:00:00,23.5,22.7,87.480576,90.69738,0.0,0.0,1.0259142,0.5147815,0.0,0.0
2026-09-01 06:00:00,22.6,22.3,92.093155,93.213974,0.0,0.0,0.65192026,0.552268,0.0,0.0
2026-09-01 07:00:00,22.0,21.85,95.22466,95.51218,0.0,0.0,0.9192388,0.85586214,0.0,0.0
2026-09-01 08:00:00,23.1,21.8,91.56038,96.69009,0.0,0.0,1.1672617,0.4,4.0,4.0
2026-09-01 09:00:00,24.55,23.55,82.63915,83.28719,0.1,0.0,1.3946326,0.64031243,72.0,65.0
2026-09-01 10:00:00,25.45,24.6,76.65808,75.58647,0.0,0.0,1.0124228,0.7615773,139.0,107.0
2026-09-01 11:00:00,27.4,26.1,67.70086,69.7807,0.0,0.0,2.302173,0.95131487,327.0,240.0
2026-09-01 12:00:00,29.0,27.25,59.80786,64.60938,0.0,0.1,0.8077747,1.3152945,388.0,317.0
2026-09-01 13:00:00,30.25,28.4,54.12485,59.48502,0.0,0.0,2.265502,2.178302,426.0,408.0
2026-09-01 14:00:00,30.3,31.3,56.702785,48.20058,0.0,0.0,1.8553975,1.4115593,687.0,698.0
2026-09-01 15:00:00,31.45,32.6,54.924183,43.810574,0.1,0.0,2.0124612,3.5046399,723.0,740.0
2026-09-01 16:00:00,30.2,32.4,60.08231,45.00511,0.0,0.0,4.7636642,3.4,528.0,630.0
2026-09-01 17:00:00,30.5,32.9,57.805626,41.486877,0.0,0.0,3.2534597,3.6912057,627.0,643.0
2026-09-01 18:00:00,30.7,31.95,55.248722,42.81941,0.0,0.0,3.3305404,3.8029594,492.0,496.0
2026-09-01 19:00:00,29.6,30.4,59.395145,51.05977,0.0,0.0,3.238827,3.8327534,301.0,305.0
2026-09-01 20:00:00,28.35,27.75,65.040535,65.115234,0.0,0.0,2.9347062,2.6004806,100.0,130.0
2026-09-01 21:00:00,26.65,26.35,75.44887,73.35139,0.0,0.0,2.3547823,2.462722,11.0,10.0
2026-09-01 22:00:00,25.8,25.55,83.037865,78.576035,0.0,0.0,2.209072,1.990603,0.0,0.0
2026-09-01 23:00:00,25.0,24.75,90.03025,86.2691,0.0,0.0,0.95524865,0.559017,0.0,0.0
2026-09-02 00:00:00,24.8,24.3,91.3866,88.08576,0.0,0.0,0.57008773,0.22360681,0.0,0.0
2026-09-02 01:00:00,24.25,23.85,93.87525,89.94836,0.0,0.0,0.552268,0.05,0.0,0.0
2026-09-02 02:00:00,24.45,23.2,91.36499,91.56648,0.0,0.0,0.6708204,0.552268,0.0,0.0
2026-09-02 03:00:00,23.75,22.6,93.00237,93.51461,0.0,0.0,0.36055514,0.6800735,0.0,0.0
2026-09-02 04:00:00,23.05,22.0,96.13462,95.22466,0.0,0.0,0.85146934,0.6800735,0.0,0.0
2026-09-02 05:00:00,22.65,21.35,97.00594,97.275505,0.0,0.0,0.9013878,1.2658988,0.0,0.0
2026-09-02 06:00:00,22.45,20.75,97.001495,98.77544,0.0,0.0,1.0012492,1.4866068,0.0,0.0
2026-09-02 07:00:00,22.5,20.3,95.53366,99.077225,0.0,0.0,1.1401755,1.6643317,0.0,0.0
2026-09-02 08:00:00,22.3,21.55,95.52707,94.62425,0.0,0.0,1.1543397,1.17047,4.0,5.0
2026-09-02 09:00:00,23.85,23.35,88.58725,85.08076,0.0,0.0,0.8062258,0.73824114,96.0,107.0
2026-09-02 10:00:00,25.35,25.8,81.48256,73.257416,0.0,0.0,0.7017834,0.44721362,275.0,294.0
2026-09-02 11:00:00,27.2,28.35,72.38311,60.77744,0.0,0.0,1.3209845,0.8746428,478.0,485.0
2026-09-02 12:00:00,29.2,30.55,62.48524,51.737793,0.0,0.0,1.7,1.7923448,639.0,647.0
2026-09-02 13:00:00,31.4,32.55,55.24964,46.613026,0.0,0.0,2.0,2.3900838,764.0,763.0
2026-09-02 14:00:00,32.6,32.55,52.737675,51.765812,0.0,0.0,2.3690715,2.5005,825.0,810.0
2026-09-02 15:00:00,33.55,33.5,50.765568,47.298668,0.0,0.0,3.05,2.9038768,830.0,813.0
2026-09-02 16:00:00,33.75,34.3,49.440132,41.7366,0.0,0.0,2.6476402,2.7518177,767.0,775.0
2026-09-02 17:00:00,34.1,34.3,46.733643,39.70552,0.0,0.0,2.4046829,2.9614186,628.0,670.0
2026-09-02 18:00:00,33.5,33.6,47.444447,38.53149,0.0,0.0,3.224903,3.5017853,503.0,494.0
2026-09-02 19:00:00,32.05,32.6,50.07235,39.490143,0.0,0.0,3.473111,3.0647185,315.0,319.0
2026-09-02 20:00:00,30.8,30.95,52.610134,50.411667,0.0,0.0,2.7166157,3.1400635,127.0,128.0
2026-09-02 21:00:00,29.05,29.05,59.81937,57.819374,0.0,0.0,2.1783023,2.0880613,10.0,10.0
2026-09-02 22:00:00,27.8,27.9,67.572334,65.1466,0.0,0.0,1.7262677,1.8506756,0.0,0.0
2026-09-02 23:00:00,26.5,26.8,75.19497,72.7572,0.0,0.0,1.1884865,1.4317821,0.0,0.0
2026-09-03 00:00:00,25.65,25.7,81.27231,81.03159,0.0,0.0,0.69641936,0.8077747,0.0,0.0
2026-09-03 01:00:00,25.1,25.05,84.229866,85.515114,0.0,0.0,0.31622776,0.5830952,0.0,0.0
2026-09-03 02:00:00,24.5,24.35,88.370674,88.62752,0.0,0.0,0.25,0.20615529,0.0,0.0
2026-09-03 03:00:00,23.95,23.6,90.50468,91.034325,0.0,0.0,0.07071068,0.60827625,0.0,0.0
2026-09-03 04:00:00,23.15,23.1,92.406265,91.280876,0.0,0.0,0.60827625,0.9013878,0.0,0.0
2026-09-03 05:00:00,22.45,22.45,92.93603,92.65145,0.0,0.0,0.801561,0.65000004,0.0,0.0
2026-09-03 06:00:00,22.0,22.05,92.62736,92.91545,0.0,0.0,0.6324555,0.4031129,0.0,0.0
2026-09-03 07:00:00,21.6,21.7,92.60584,93.47184,0.0,0.0,0.57008773,0.111803405,0.0,0.0
2026-09-03 08:00:00,22.2,21.75,89.276375,94.92359,0.0,0.0,0.36055514,0.111803405,4.0,4.0
2026-09-03 09:00:00,24.1,23.75,81.07509,85.90924,0.0,0.0,0.42426407,0.30413812,81.0,94.0
2026-09-03 10:00:00,26.1,25.75,78.41466,82.02972,0.0,0.0,0.8732125,1.17047,229.0,201.0
2026-09-03 11:00:00,28.25,28.1,66.83862,67.631645,0.0,0.0,1.0440307,1.2589679,458.0,405.0
2026-09-03 12:00:00,30.3,30.0,57.228493,59.8531,0.0,0.0,1.3000001,0.97082436,633.0,592.0
2026-09-03 13:00:00,32.35,32.15,49.230137,51.66465,0.0,0.0,1.6867127,1.4221463,759.0,739.0
2026-09-03 14:00:00,33.8,34.1,44.406948,43.804703,0.0,0.0,2.0524375,2.0099752,827.0,822.0
2026-09-03 15:00:00,35.15,35.3,39.19811,39.853416,0.0,0.0,2.865746,2.5811818,834.0,827.0
2026-09-03 16:00:00,35.35,35.55,37.575886,40.16932,0.0,0.0,3.2882366,3.1148837,776.0,772.0
2026-09-03 17:00:00,35.05,35.05,37.02668,42.06887,0.0,0.0,3.3143625,3.4474628,655.0,659.0
2026-09-03 18:00:00,34.5,34.3,36.992687,43.993954,0.0,0.0,3.3305404,3.146824,501.0,503.0
2026-09-03 19:00:00,33.3,33.25,40.820568,44.81306,0.0,0.0,2.3563743,2.2299101,314.0,313.0
2026-09-03 20:00:00,31.85,31.5,47.156834,49.161793,0.0,0.0,2.158703,2.4253867,127.0,127.0
2026-09-03 21:00:00,29.95,29.6,55.235985,56.011925,0.0,0.0,2.4505103,2.654242,9.0,9.0
2026-09-03 22:00:00,28.35,28.05,63.26588,63.200844,0.0,0.0,2.433105,1.9039433,0.0,0.0
2026-09-03 23:00:00,27.05,26.85,70.38994,71.00388,0.0,0.0,1.6347783,1.6324829,0.0,0.0
2026-09-04 00:00:00,26.15,25.9,76.064224,77.90886,0.0,0.0,0.82462114,1.1401755,0.0,0.0
2026-09-04 01:00:00,25.45,25.15,80.99963,83.469604,0.0,0.0,0.14142136,1.0307764,0.0,0.0
2026-09-04 02:00:00,24.75,24.55,84.19185,88.9131,0.0,0.0,0.3,0.82006097,0.0,0.0
2026-09-04 03:00:00,24.3,24.05,87.28444,92.17556,0.0,0.0,0.65000004,0.36400548,0.0,0.0
2026-09-04 04:00:00,23.85,23.45,89.40173,94.41153,0.0,0.0,0.14142136,0.15811388,0.0,0.0
2026-09-04 05:00:00,23.25,22.8,91.56951,96.12747,0.0,0.0,0.60827625,0.60827625,0.0,0.0
2026-09-04 06:00:00,22.9,22.25,92.110306,97.29372,0.0,0.0,1.0012492,0.76321685,0.0,0.0
2026-09-04 07:00:00,22.55,21.75,93.512276,100.0,0.0,0.0,0.98234415,1.2619429,0.0,0.0
2026-09-04 08:00:00,22.25,21.05,93.498,99.08243,0.0,0.0,1.0124229,1.3509256,4.0,4.0
2026-09-04 09:00:00,23.75,22.15,86.43751,96.40336,0.0,0.0,1.8384775,1.1661904,88.0,95.0
2026-09-04 10:00:00,26.55,26.05,70.08105,75.35318,0.0,0.0,1.5890249,1.0770329,281.0,277.0
2026-09-04 11:00:00,29.4,29.3,56.661713,57.521587,0.0,0.0,1.0,0.6670832,485.0,489.0
2026-09-04 12:00:00,32.15,32.2,49.026413,43.702713,0.0,0.0,0.25,0.07071068,651.0,655.0
2026-09-04 13:00:00,34.65,34.75,41.44368,33.492702,0.0,0.0,0.86313385,1.0977249,774.0,777.0
2026-09-04 14:00:00,36.85,36.8,33.95785,27.000866,0.0,0.0,1.5890249,1.6918925,841.0,844.0
2026-09-04 15:00:00,38.5,37.8,30.754004,27.351456,0.0,0.0,2.0,2.1954498,846.0,850.0
2026-09-04 16:00:00,38.7,37.95,31.489534,30.606735,0.0,0.0,3.040148,2.829311,780.0,787.0
2026-09-04 17:00:00,37.7,37.2,34.61625,37.034775,0.0,0.0,3.6211185,3.4702306,661.0,675.0
2026-09-04 18:00:00,36.1,35.85,35.829277,40.002457,0.0,0.0,4.313351,3.8137908,498.0,507.0
2026-09-04 19:00:00,34.2,33.95,40.303497,42.559124,0.0,0.0,3.11127,3.4300144,302.0,311.0
2026-09-04 20:00:00,32.55,32.1,47.63548,47.961807,0.0,0.0,2.6575363,2.2388613,119.0,110.0
2026-09-04 21:00:00,30.65,30.6,55.749027,51.589973,0.0,0.0,2.3584952,1.9448651,8.0,8.0
2026-09-04 22:00:00,29.35,29.35,61.756554,57.17852,0.0,0.0,1.5402921,1.7066048,0.0,0.0
2026-09-04 23:00:00,28.25,28.15,67.04345,64.006645,0.0,0.0,0.82764727,1.1884865,0.0,0.0
2026-09-05 00:00:00,27.25,27.2,72.17118,69.559235,0.0,0.0,0.49497473,0.35355338,0.0,0.0
2026-09-05 01:00:00,26.5,26.35,74.96556,72.2339,0.0,0.0,0.2915476,0.6103278,0.0,0.0
2026-09-05 02:00:00,25.5,25.7,79.535934,75.76101,0.0,0.0,0.31622776,0.3,0.0,0.0
2026-09-05 03:00:00,24.7,25.05,84.186424,77.307465,0.0,0.0,0.32015622,0.2,0.0,0.0
2026-09-05 04:00:00,23.9,24.4,87.51579,78.411674,0.0,0.0,0.36055514,0.25,0.0,0.0
2026-09-05 05:00:00,23.35,23.8,88.2758,78.812195,0.0,0.0,0.3905125,0.47434163,0.0,0.0
2026-09-05 06:00:00,22.95,23.35,88.514244,79.73279,0.0,0.0,0.15811388,0.15,0.0,0.0
2026-09-05 07:00:00,22.35,22.7,90.953384,83.447556,0.0,0.0,0.1,0.20615529,0.0,0.0
2026-09-05 08:00:00,21.5,22.0,94.91422,93.77395,0.0,0.0,0.6041523,0.53851646,4.0,4.0
2026-09-05 09:00:00,23.55,23.55,84.84021,88.29243,0.0,0.0,0.82006097,0.5,95.0,105.0
2026-09-05 10:00:00,26.35,25.75,70.912636,74.38507,0.0,0.0,0.46097723,0.7516648,286.0,280.0
2026-09-05 11:00:00,29.05,28.5,56.226906,58.048733,0.0,0.0,0.5408327,0.31622776,488.0,470.0
2026-09-05 12:00:00,31.75,31.45,41.830048,40.186443,0.0,0.0,0.44721362,0.5830952,645.0,615.0
2026-09-05 13:00:00,34.35,34.0,32.33227,29.832737,0.0,0.0,0.41231057,1.059481,771.0,731.0
2026-09-05 14:00:00,35.9,35.95,27.734201,26.863771,0.0,0.0,1.4422206,1.4508619,834.0,788.0
2026-09-05 15:00:00,37.25,37.2,24.296412,23.122875,0.0,0.0,2.2588713,2.5632012,812.0,808.0
2026-09-05 16:00:00,37.4,37.0,24.3349,24.153343,0.0,0.0,3.1384711,3.5794554,773.0,731.0
2026-09-05 17:00:00,36.85,36.3,23.723919,24.610155,0.0,0.0,3.696282,3.846102,668.0,644.0
2026-09-05 18:00:00,35.75,35.35,23.21185,23.41816,0.0,0.0,3.7121422,3.5654593,516.0,503.0
2026-09-05 19:00:00,34.2,33.9,26.228209,25.976957,0.0,0.0,3.0463092,3.1622777,318.0,323.0
2026-09-05 20:00:00,32.25,32.0,28.783812,32.00072,0.0,0.0,2.7313,2.8160257,124.0,126.0
2026-09-05 21:00:00,30.3,30.05,35.83443,38.787193,0.0,0.0,2.269912,2.0554805,8.0,8.0
2026-09-05 22:00:00,28.8,28.65,43.891617,45.862564,0.0,0.0,1.8668154,1.5132746,0.0,0.0
2026-09-05 23:00:00,27.55,27.35,51.947636,54.42188,0.0,0.0,0.99624294,1.3829317,0.0,0.0
2026-09-06 00:00:00,26.55,26.0,56.86149,64.14262,0.0,0.0,0.20615529,0.6726812,0.0,0.0
2026-09-06 01:00:00,25.7,25.3,57.928696,66.44589,0.0,0.0,0.35,0.36055514,0.0,0.0
2026-09-06 02:00:00,24.55,24.55,59.904198,68.19257,0.0,0.0,0.4031129,0.801561,0.0,0.0
2026-09-06 03:00:00,23.4,23.55,59.06237,69.076096,0.0,0.0,0.99624294,0.5408327,0.0,0.0
2026-09-06 04:00:00,22.55,22.7,56.980408,69.12973,0.0,0.0,0.89442724,0.85,0.0,0.0
2026-09-06 05:00:00,21.95,22.05,55.183117,64.10154,0.0,0.0,0.8732125,1.504161,0.0,0.0
2026-09-06 06:00:00,21.1,21.2,55.514797,61.27344,0.0,0.0,0.9013878,1.059481,0.0,0.0
2026-09-06 07:00:00,20.3,20.65,56.986095,60.747654,0.0,0.0,1.2980754,1.1236101,0.0,0.0
2026-09-06 08:00:00,19.95,20.55,58.040955,60.72433,0.0,0.0,1.118034,1.5811388,3.0,3.0
2026-09-06 09:00:00,22.1,22.4,51.536404,54.399593,0.0,0.0,1.5953057,1.4422206,101.0,104.0
2026-09-06 10:00:00,25.3,25.95,43.78496,44.543365,0.0,0.0,1.0793515,1.2010412,264.0,289.0
2026-09-06 11:00:00,29.15,29.6,34.706078,34.94595,0.0,0.0,0.79056937,1.1715374,444.0,470.0
2026-09-06 12:00:00,31.85,31.8,26.477535,26.730516,0.0,0.0,0.98488575,1.0049876,569.0,531.0
2026-09-06 13:00:00,33.9,33.4,21.548937,21.642302,0.0,0.0,1.8867962,1.3200378,725.0,587.0
2026-09-06 14:00:00,34.95,36.0,19.059196,16.456322,0.0,0.0,2.100595,2.3323808,792.0,785.0
2026-09-06 15:00:00,36.05,37.0,19.192978,16.011883,0.0,0.0,2.640076,2.754088,797.0,817.0
2026-09-06 16:00:00,36.1,36.9,21.165768,17.236176,0.0,0.0,3.238055,3.2882366,717.0,735.0
2026-09-06 17:00:00,35.55,36.15,22.856068,18.45343,0.0,0.0,3.4091787,3.473111,621.0,572.0
2026-09-06 18:00:00,34.7,34.8,24.35728,20.42681,0.0,0.0,3.1503968,3.55,469.0,375.0
2026-09-06 19:00:00,32.8,33.3,30.190771,22.893705,0.0,0.0,3.1894357,3.4677083,204.0,197.0
2026-09-06 20:00:00,30.9,31.5,35.30725,29.154205,0.0,0.0,2.7681222,2.8635643,61.0,95.0
2026-09-06 21:00:00,29.3,30.0,41.825897,36.694756,0.0,0.0,2.3420076,2.5,6.0,5.0
2026-09-06 22:00:00,28.25,28.8,47.242043,41.958157,0.0,0.0,1.8741665,1.264911,0.0,0.0
2026-09-06 23:00:00,27.55,27.95,50.805305,46.561386,0.0,0.0,1.0,0.69641936,0.0,0.0
2026-09-07 00:00:00,26.95,27.1,55.014236,51.66719,0.0,0.0,0.61846584,0.6519202,0.0,0.0
2026-09-07 01:00:00,26.3,26.6,63.015144,55.628162,0.0,0.0,0.111803405,0.20615529,0.0,0.0
2026-09-07 02:00:00,24.45,24.8,60.6488,58.454113,0.0,0.0,0.98488575,1.2539936,0.0,0.0
2026-09-07 03:00:00,23.25,23.45,63.343063,60.417606,0.0,0.0,1.0049876,0.92195445,0.0,0.0
2026-09-07 04:00:00,22.65,22.75,63.00802,59.48175,0.0,0.0,0.98488575,0.93941474,0.0,0.0
2026-09-07 05:00:00,22.0,22.05,62.86319,58.3595,0.0,0.0,1.0770329,0.94868326,0.0,0.0
2026-09-07 06:00:00,21.55,21.6,61.354053,55.458054,0.0,0.0,1.1629703,1.328533,0.0,0.0
2026-09-07 07:00:00,21.2,20.95,57.584846,54.748817,0.0,0.0,1.4089003,1.3209845,0.0,0.0
2026-09-07 08:00:00,20.65,21.0,54.49151,51.58845,0.0,0.0,1.3209845,1.4983325,3.0,3.0
2026-09-07 09:00:00,22.65,22.95,45.568672,44.747536,0.0,0.0,1.7066048,1.8607794,102.0,102.0
2026-09-07 10:00:00,26.35,26.5,38.64136,37.670746,0.0,0.0,1.2298374,1.1884865,293.0,293.0
2026-09-07 11:00:00,30.0,30.1,33.26498,32.9658,0.0,0.0,0.801561,0.8062258,490.0,490.0
2026-09-07 12:00:00,33.4,33.45,24.262285,24.033327,0.0,0.0,0.20615529,0.20615529,660.0,658.0
2026-09-07 13:00:00,35.95,36.0,16.960716,18.046759,0.0,0.0,1.4866068,1.3416408,782.0,780.0
2026-09-07 14:00:00,37.4,37.65,14.98246,15.507639,0.0,0.0,2.2594247,2.214159,847.0,842.0
2026-09-07 15:00:00,37.75,38.15,16.178553,15.616973,0.0,0.0,2.997082,2.818244,850.0,845.0
2026-09-07 16:00:00,37.8,38.2,16.862757,15.788423,0.0,0.0,3.2070236,3.354102,790.0,788.0
2026-09-07 17:00:00,37.4,37.45,17.409496,17.717678,0.0,0.0,3.1088583,3.757659,671.0,670.0
2026-09-07 18:00:00,36.1,36.2,20.539162,20.632484,0.0,0.0,3.5672119,3.6715121,506.0,506.0
2026-09-07 19:00:00,34.7,34.75,23.329361,23.342167,0.0,0.0,2.9529645,2.8653097,311.0,311.0
2026-09-07 20:00:00,32.55,32.4,26.487753,29.302452,0.0,0.0,2.7335873,2.5268557,117.0,118.0
2026-09-07 21:00:00,30.35,30.3,31.234987,35.71798,0.0,0.0,1.2971122,1.2041595,6.0,6.0
2026-09-07 22:00:00,28.9,28.8,36.507767,41.019833,0.0,0.0,0.35355338,1.0198039,0.0,0.0
2026-09-07 23:00:00,27.75,27.5,39.419106,45.99393,0.0,0.0,0.3354102,0.83815277,0.0,0.0
